/*
 Navicat Premium Data Transfer

 Source Server         : mysql-j
 Source Server Type    : MySQL
 Source Server Version : 50559
 Source Host           : localhost:3307
 Source Schema         : gstore

 Target Server Type    : MySQL
 Target Server Version : 50559
 File Encoding         : 65001

 Date: 03/07/2018 15:41:42
*/

SET NAMES utf8mb4;
SET FOREIGN_KEY_CHECKS = 0;

-- ----------------------------
-- Table structure for address
-- ----------------------------
DROP TABLE IF EXISTS `address`;
CREATE TABLE `address`  (
  `aid` int(11) NOT NULL AUTO_INCREMENT,
  `addressee` varchar(20) CHARACTER SET utf8 COLLATE utf8_general_ci NOT NULL,
  `phone` varchar(15) CHARACTER SET utf8 COLLATE utf8_general_ci NOT NULL,
  `postalcode` varchar(10) CHARACTER SET utf8 COLLATE utf8_general_ci NULL DEFAULT NULL,
  `isDefault` bit(1) NULL DEFAULT NULL,
  `province` int(2) NULL DEFAULT NULL,
  `city` int(4) NULL DEFAULT NULL,
  `county` int(4) NULL DEFAULT NULL,
  `street` varchar(255) CHARACTER SET utf8 COLLATE utf8_general_ci NULL DEFAULT NULL,
  `uid` int(11) NULL DEFAULT NULL,
  PRIMARY KEY (`aid`) USING BTREE,
  INDEX `FKBB979BF44B36C909`(`uid`) USING BTREE,
  INDEX `FKBB979BF44B5B4BC4`(`city`) USING BTREE,
  INDEX `FKBB979BF4FA6F83A3`(`county`) USING BTREE,
  INDEX `FKBB979BF41050DD89`(`province`) USING BTREE,
  CONSTRAINT `FKBB979BF41050DD89` FOREIGN KEY (`province`) REFERENCES `city` (`id`) ON DELETE RESTRICT ON UPDATE RESTRICT,
  CONSTRAINT `FKBB979BF44B36C909` FOREIGN KEY (`uid`) REFERENCES `user` (`uid`) ON DELETE RESTRICT ON UPDATE RESTRICT,
  CONSTRAINT `FKBB979BF44B5B4BC4` FOREIGN KEY (`city`) REFERENCES `city` (`id`) ON DELETE RESTRICT ON UPDATE RESTRICT,
  CONSTRAINT `FKBB979BF4FA6F83A3` FOREIGN KEY (`county`) REFERENCES `city` (`id`) ON DELETE RESTRICT ON UPDATE RESTRICT
) ENGINE = InnoDB AUTO_INCREMENT = 9 CHARACTER SET = utf8 COLLATE = utf8_general_ci ROW_FORMAT = Compact;

-- ----------------------------
-- Records of address
-- ----------------------------
INSERT INTO `address` VALUES (1, '林文锷', '13682210969', '515825', b'0', 19, 238, 2104, '阿拉德大陆', 16);
INSERT INTO `address` VALUES (4, '林文锷', '13682210969', '515829', b'1', 13, 155, 1405, '阿拉德大陆', 16);
INSERT INTO `address` VALUES (6, '林文锷', '13682210969', '515826', b'0', 12, 135, 1265, '阿拉德大陆', 16);
INSERT INTO `address` VALUES (8, 'linwene1', '13682210934', '123456', b'1', 13, 153, 1387, '123', 35);

-- ----------------------------
-- Table structure for category
-- ----------------------------
DROP TABLE IF EXISTS `category`;
CREATE TABLE `category`  (
  `cid` int(11) NOT NULL AUTO_INCREMENT,
  `cname` varchar(255) CHARACTER SET utf8 COLLATE utf8_general_ci NULL DEFAULT NULL,
  PRIMARY KEY (`cid`) USING BTREE
) ENGINE = InnoDB AUTO_INCREMENT = 17 CHARACTER SET = utf8 COLLATE = utf8_general_ci ROW_FORMAT = Compact;

-- ----------------------------
-- Records of category
-- ----------------------------
INSERT INTO `category` VALUES (1, '女装 / 男装 / 内衣');
INSERT INTO `category` VALUES (2, '鞋靴 / 箱包 / 配件');
INSERT INTO `category` VALUES (3, '童装玩具 / 孕产 / 用品\r\n');
INSERT INTO `category` VALUES (4, '家电 / 数码 / 手机');
INSERT INTO `category` VALUES (5, '美妆 / 洗护 / 保健品');
INSERT INTO `category` VALUES (6, '珠宝 / 眼镜 / 手表');
INSERT INTO `category` VALUES (7, '运动 / 户外 / 乐器');
INSERT INTO `category` VALUES (8, '游戏 / 动漫 / 影视');
INSERT INTO `category` VALUES (9, '美食 / 生鲜 / 零食');
INSERT INTO `category` VALUES (10, '鲜花 / 宠物 / 农资');
INSERT INTO `category` VALUES (11, '房产 / 装修 / 建材');
INSERT INTO `category` VALUES (12, '家具 / 家饰 / 家纺');
INSERT INTO `category` VALUES (13, '汽车 / 二手车 / 用品');
INSERT INTO `category` VALUES (14, '办公 / DIY / 五金电子');
INSERT INTO `category` VALUES (15, '百货 / 餐厨 / 家庭保健');
INSERT INTO `category` VALUES (16, '学习 / 卡券 / 本地服务');

-- ----------------------------
-- Table structure for categorysecond
-- ----------------------------
DROP TABLE IF EXISTS `categorysecond`;
CREATE TABLE `categorysecond`  (
  `csid` int(11) NOT NULL AUTO_INCREMENT,
  `csname` varchar(255) CHARACTER SET utf8 COLLATE utf8_general_ci NULL DEFAULT NULL,
  `cid` int(11) NULL DEFAULT NULL,
  PRIMARY KEY (`csid`) USING BTREE,
  INDEX `FK936FCAF21DB1FD15`(`cid`) USING BTREE,
  CONSTRAINT `FK936FCAF21DB1FD15` FOREIGN KEY (`cid`) REFERENCES `category` (`cid`) ON DELETE RESTRICT ON UPDATE RESTRICT
) ENGINE = InnoDB AUTO_INCREMENT = 37 CHARACTER SET = utf8 COLLATE = utf8_general_ci ROW_FORMAT = Compact;

-- ----------------------------
-- Records of categorysecond
-- ----------------------------
INSERT INTO `categorysecond` VALUES (1, '潮流女装', 1);
INSERT INTO `categorysecond` VALUES (2, '初冬羽绒', 1);
INSERT INTO `categorysecond` VALUES (3, '毛呢大衣', 1);
INSERT INTO `categorysecond` VALUES (4, '温暖毛衣', 1);
INSERT INTO `categorysecond` VALUES (5, '精选男装', 1);
INSERT INTO `categorysecond` VALUES (6, '冬季外套', 1);
INSERT INTO `categorysecond` VALUES (7, '羽绒服', 1);
INSERT INTO `categorysecond` VALUES (9, '女鞋', 2);
INSERT INTO `categorysecond` VALUES (10, '短靴', 2);
INSERT INTO `categorysecond` VALUES (11, '男鞋', 2);
INSERT INTO `categorysecond` VALUES (12, '女包', 2);
INSERT INTO `categorysecond` VALUES (13, '男包', 2);
INSERT INTO `categorysecond` VALUES (14, '服饰配件', 2);
INSERT INTO `categorysecond` VALUES (15, '运动鞋', 3);
INSERT INTO `categorysecond` VALUES (16, '运动服', 3);
INSERT INTO `categorysecond` VALUES (17, '户外运动', 3);
INSERT INTO `categorysecond` VALUES (18, '健身装备', 3);
INSERT INTO `categorysecond` VALUES (19, '骑行装备', 3);
INSERT INTO `categorysecond` VALUES (20, '珠宝首饰', 4);
INSERT INTO `categorysecond` VALUES (21, '时尚饰品', 4);
INSERT INTO `categorysecond` VALUES (22, '品质手表', 4);
INSERT INTO `categorysecond` VALUES (23, '眼镜配饰', 4);
INSERT INTO `categorysecond` VALUES (24, '手机', 5);
INSERT INTO `categorysecond` VALUES (25, '平板', 5);
INSERT INTO `categorysecond` VALUES (26, '电脑', 5);
INSERT INTO `categorysecond` VALUES (27, '相机', 5);
INSERT INTO `categorysecond` VALUES (28, '大家电', 6);
INSERT INTO `categorysecond` VALUES (29, '厨房电器', 6);
INSERT INTO `categorysecond` VALUES (30, '生活电器', 6);
INSERT INTO `categorysecond` VALUES (31, '个户电器', 6);
INSERT INTO `categorysecond` VALUES (32, '办公耗材', 6);
INSERT INTO `categorysecond` VALUES (33, '美容护肤', 7);
INSERT INTO `categorysecond` VALUES (34, '强效保养', 7);
INSERT INTO `categorysecond` VALUES (35, '超值彩妆', 7);
INSERT INTO `categorysecond` VALUES (36, '换季保养', 7);

-- ----------------------------
-- Table structure for city
-- ----------------------------
DROP TABLE IF EXISTS `city`;
CREATE TABLE `city`  (
  `id` int(10) NOT NULL DEFAULT 0,
  `name` varchar(255) CHARACTER SET utf8 COLLATE utf8_general_ci NOT NULL DEFAULT '' COMMENT '名称',
  `parent_id` int(10) NULL DEFAULT NULL,
  `level` int(11) NOT NULL COMMENT '城市等级',
  PRIMARY KEY (`id`) USING BTREE
) ENGINE = InnoDB CHARACTER SET = utf8 COLLATE = utf8_general_ci ROW_FORMAT = Compact;

-- ----------------------------
-- Records of city
-- ----------------------------
INSERT INTO `city` VALUES (1, '北京市', 0, 0);
INSERT INTO `city` VALUES (2, '天津市', 0, 0);
INSERT INTO `city` VALUES (3, '河北省', 0, 0);
INSERT INTO `city` VALUES (4, '山西省', 0, 0);
INSERT INTO `city` VALUES (5, '内蒙古自治区', 0, 0);
INSERT INTO `city` VALUES (6, '辽宁省', 0, 0);
INSERT INTO `city` VALUES (7, '吉林省', 0, 0);
INSERT INTO `city` VALUES (8, '黑龙江省', 0, 0);
INSERT INTO `city` VALUES (9, '上海市', 0, 0);
INSERT INTO `city` VALUES (10, '江苏省', 0, 0);
INSERT INTO `city` VALUES (11, '浙江省', 0, 0);
INSERT INTO `city` VALUES (12, '安徽省', 0, 0);
INSERT INTO `city` VALUES (13, '福建省', 0, 0);
INSERT INTO `city` VALUES (14, '江西省', 0, 0);
INSERT INTO `city` VALUES (15, '山东省', 0, 0);
INSERT INTO `city` VALUES (16, '河南省', 0, 0);
INSERT INTO `city` VALUES (17, '湖北省', 0, 0);
INSERT INTO `city` VALUES (18, '湖南省', 0, 0);
INSERT INTO `city` VALUES (19, '广东省', 0, 0);
INSERT INTO `city` VALUES (20, '广西壮族自治区', 0, 0);
INSERT INTO `city` VALUES (21, '海南省', 0, 0);
INSERT INTO `city` VALUES (22, '重庆市', 0, 0);
INSERT INTO `city` VALUES (23, '四川省', 0, 0);
INSERT INTO `city` VALUES (24, '贵州省', 0, 0);
INSERT INTO `city` VALUES (25, '云南省', 0, 0);
INSERT INTO `city` VALUES (26, '西藏自治区', 0, 0);
INSERT INTO `city` VALUES (27, '陕西省', 0, 0);
INSERT INTO `city` VALUES (28, '甘肃省', 0, 0);
INSERT INTO `city` VALUES (29, '青海省', 0, 0);
INSERT INTO `city` VALUES (30, '宁夏回族自治区', 0, 0);
INSERT INTO `city` VALUES (31, '新疆维吾尔自治区', 0, 0);
INSERT INTO `city` VALUES (32, '台湾省', 0, 0);
INSERT INTO `city` VALUES (33, '香港特别行政区', 0, 0);
INSERT INTO `city` VALUES (34, '澳门特别行政区', 0, 0);
INSERT INTO `city` VALUES (35, '北京市', 1, 1);
INSERT INTO `city` VALUES (36, '北京县', 1, 1);
INSERT INTO `city` VALUES (37, '天津市', 2, 1);
INSERT INTO `city` VALUES (38, '天津县', 2, 1);
INSERT INTO `city` VALUES (39, '石家庄市', 3, 1);
INSERT INTO `city` VALUES (40, '唐山市', 3, 1);
INSERT INTO `city` VALUES (41, '秦皇岛市', 3, 1);
INSERT INTO `city` VALUES (42, '邯郸市', 3, 1);
INSERT INTO `city` VALUES (43, '邢台市', 3, 1);
INSERT INTO `city` VALUES (44, '保定市', 3, 1);
INSERT INTO `city` VALUES (45, '张家口市', 3, 1);
INSERT INTO `city` VALUES (46, '承德市', 3, 1);
INSERT INTO `city` VALUES (47, '沧州市', 3, 1);
INSERT INTO `city` VALUES (48, '廊坊市', 3, 1);
INSERT INTO `city` VALUES (49, '衡水市', 3, 1);
INSERT INTO `city` VALUES (50, '太原市', 4, 1);
INSERT INTO `city` VALUES (51, '大同市', 4, 1);
INSERT INTO `city` VALUES (52, '阳泉市', 4, 1);
INSERT INTO `city` VALUES (53, '长治市', 4, 1);
INSERT INTO `city` VALUES (54, '晋城市', 4, 1);
INSERT INTO `city` VALUES (55, '朔州市', 4, 1);
INSERT INTO `city` VALUES (56, '晋中市', 4, 1);
INSERT INTO `city` VALUES (57, '运城市', 4, 1);
INSERT INTO `city` VALUES (58, '忻州市', 4, 1);
INSERT INTO `city` VALUES (59, '临汾市', 4, 1);
INSERT INTO `city` VALUES (60, '吕梁市', 4, 1);
INSERT INTO `city` VALUES (61, '呼和浩特市', 5, 1);
INSERT INTO `city` VALUES (62, '包头市', 5, 1);
INSERT INTO `city` VALUES (63, '乌海市', 5, 1);
INSERT INTO `city` VALUES (64, '赤峰市', 5, 1);
INSERT INTO `city` VALUES (65, '通辽市', 5, 1);
INSERT INTO `city` VALUES (66, '鄂尔多斯市', 5, 1);
INSERT INTO `city` VALUES (67, '呼伦贝尔市', 5, 1);
INSERT INTO `city` VALUES (68, '巴彦淖尔市', 5, 1);
INSERT INTO `city` VALUES (69, '乌兰察布市', 5, 1);
INSERT INTO `city` VALUES (70, '兴安盟', 5, 1);
INSERT INTO `city` VALUES (71, '锡林郭勒盟', 5, 1);
INSERT INTO `city` VALUES (72, '阿拉善盟', 5, 1);
INSERT INTO `city` VALUES (73, '沈阳市', 6, 1);
INSERT INTO `city` VALUES (74, '大连市', 6, 1);
INSERT INTO `city` VALUES (75, '鞍山市', 6, 1);
INSERT INTO `city` VALUES (76, '抚顺市', 6, 1);
INSERT INTO `city` VALUES (77, '本溪市', 6, 1);
INSERT INTO `city` VALUES (78, '丹东市', 6, 1);
INSERT INTO `city` VALUES (79, '锦州市', 6, 1);
INSERT INTO `city` VALUES (80, '营口市', 6, 1);
INSERT INTO `city` VALUES (81, '阜新市', 6, 1);
INSERT INTO `city` VALUES (82, '辽阳市', 6, 1);
INSERT INTO `city` VALUES (83, '盘锦市', 6, 1);
INSERT INTO `city` VALUES (84, '铁岭市', 6, 1);
INSERT INTO `city` VALUES (85, '朝阳市', 6, 1);
INSERT INTO `city` VALUES (86, '葫芦岛市', 6, 1);
INSERT INTO `city` VALUES (87, '长春市', 7, 1);
INSERT INTO `city` VALUES (88, '吉林市', 7, 1);
INSERT INTO `city` VALUES (89, '四平市', 7, 1);
INSERT INTO `city` VALUES (90, '辽源市', 7, 1);
INSERT INTO `city` VALUES (91, '通化市', 7, 1);
INSERT INTO `city` VALUES (92, '白山市', 7, 1);
INSERT INTO `city` VALUES (93, '松原市', 7, 1);
INSERT INTO `city` VALUES (94, '白城市', 7, 1);
INSERT INTO `city` VALUES (95, '延边朝鲜族自治州', 7, 1);
INSERT INTO `city` VALUES (96, '哈尔滨市', 8, 1);
INSERT INTO `city` VALUES (97, '齐齐哈尔市', 8, 1);
INSERT INTO `city` VALUES (98, '鸡西市', 8, 1);
INSERT INTO `city` VALUES (99, '鹤岗市', 8, 1);
INSERT INTO `city` VALUES (100, '双鸭山市', 8, 1);
INSERT INTO `city` VALUES (101, '大庆市', 8, 1);
INSERT INTO `city` VALUES (102, '伊春市', 8, 1);
INSERT INTO `city` VALUES (103, '佳木斯市', 8, 1);
INSERT INTO `city` VALUES (104, '七台河市', 8, 1);
INSERT INTO `city` VALUES (105, '牡丹江市', 8, 1);
INSERT INTO `city` VALUES (106, '黑河市', 8, 1);
INSERT INTO `city` VALUES (107, '绥化市', 8, 1);
INSERT INTO `city` VALUES (108, '大兴安岭地区', 8, 1);
INSERT INTO `city` VALUES (109, '上海市', 9, 1);
INSERT INTO `city` VALUES (110, '上海县', 9, 1);
INSERT INTO `city` VALUES (111, '南京市', 10, 1);
INSERT INTO `city` VALUES (112, '无锡市', 10, 1);
INSERT INTO `city` VALUES (113, '徐州市', 10, 1);
INSERT INTO `city` VALUES (114, '常州市', 10, 1);
INSERT INTO `city` VALUES (115, '苏州市', 10, 1);
INSERT INTO `city` VALUES (116, '南通市', 10, 1);
INSERT INTO `city` VALUES (117, '连云港市', 10, 1);
INSERT INTO `city` VALUES (118, '淮安市', 10, 1);
INSERT INTO `city` VALUES (119, '盐城市', 10, 1);
INSERT INTO `city` VALUES (120, '扬州市', 10, 1);
INSERT INTO `city` VALUES (121, '镇江市', 10, 1);
INSERT INTO `city` VALUES (122, '泰州市', 10, 1);
INSERT INTO `city` VALUES (123, '宿迁市', 10, 1);
INSERT INTO `city` VALUES (124, '杭州市', 11, 1);
INSERT INTO `city` VALUES (125, '宁波市', 11, 1);
INSERT INTO `city` VALUES (126, '温州市', 11, 1);
INSERT INTO `city` VALUES (127, '嘉兴市', 11, 1);
INSERT INTO `city` VALUES (128, '湖州市', 11, 1);
INSERT INTO `city` VALUES (129, '绍兴市', 11, 1);
INSERT INTO `city` VALUES (130, '金华市', 11, 1);
INSERT INTO `city` VALUES (131, '衢州市', 11, 1);
INSERT INTO `city` VALUES (132, '舟山市', 11, 1);
INSERT INTO `city` VALUES (133, '台州市', 11, 1);
INSERT INTO `city` VALUES (134, '丽水市', 11, 1);
INSERT INTO `city` VALUES (135, '合肥市', 12, 1);
INSERT INTO `city` VALUES (136, '芜湖市', 12, 1);
INSERT INTO `city` VALUES (137, '蚌埠市', 12, 1);
INSERT INTO `city` VALUES (138, '淮南市', 12, 1);
INSERT INTO `city` VALUES (139, '马鞍山市', 12, 1);
INSERT INTO `city` VALUES (140, '淮北市', 12, 1);
INSERT INTO `city` VALUES (141, '铜陵市', 12, 1);
INSERT INTO `city` VALUES (142, '安庆市', 12, 1);
INSERT INTO `city` VALUES (143, '黄山市', 12, 1);
INSERT INTO `city` VALUES (144, '滁州市', 12, 1);
INSERT INTO `city` VALUES (145, '阜阳市', 12, 1);
INSERT INTO `city` VALUES (146, '宿州市', 12, 1);
INSERT INTO `city` VALUES (147, '六安市', 12, 1);
INSERT INTO `city` VALUES (148, '亳州市', 12, 1);
INSERT INTO `city` VALUES (149, '池州市', 12, 1);
INSERT INTO `city` VALUES (150, '宣城市', 12, 1);
INSERT INTO `city` VALUES (151, '福州市', 13, 1);
INSERT INTO `city` VALUES (152, '厦门市', 13, 1);
INSERT INTO `city` VALUES (153, '莆田市', 13, 1);
INSERT INTO `city` VALUES (154, '三明市', 13, 1);
INSERT INTO `city` VALUES (155, '泉州市', 13, 1);
INSERT INTO `city` VALUES (156, '漳州市', 13, 1);
INSERT INTO `city` VALUES (157, '南平市', 13, 1);
INSERT INTO `city` VALUES (158, '龙岩市', 13, 1);
INSERT INTO `city` VALUES (159, '宁德市', 13, 1);
INSERT INTO `city` VALUES (160, '南昌市', 14, 1);
INSERT INTO `city` VALUES (161, '景德镇市', 14, 1);
INSERT INTO `city` VALUES (162, '萍乡市', 14, 1);
INSERT INTO `city` VALUES (163, '九江市', 14, 1);
INSERT INTO `city` VALUES (164, '新余市', 14, 1);
INSERT INTO `city` VALUES (165, '鹰潭市', 14, 1);
INSERT INTO `city` VALUES (166, '赣州市', 14, 1);
INSERT INTO `city` VALUES (167, '吉安市', 14, 1);
INSERT INTO `city` VALUES (168, '宜春市', 14, 1);
INSERT INTO `city` VALUES (169, '抚州市', 14, 1);
INSERT INTO `city` VALUES (170, '上饶市', 14, 1);
INSERT INTO `city` VALUES (171, '济南市', 15, 1);
INSERT INTO `city` VALUES (172, '青岛市', 15, 1);
INSERT INTO `city` VALUES (173, '淄博市', 15, 1);
INSERT INTO `city` VALUES (174, '枣庄市', 15, 1);
INSERT INTO `city` VALUES (175, '东营市', 15, 1);
INSERT INTO `city` VALUES (176, '烟台市', 15, 1);
INSERT INTO `city` VALUES (177, '潍坊市', 15, 1);
INSERT INTO `city` VALUES (178, '济宁市', 15, 1);
INSERT INTO `city` VALUES (179, '泰安市', 15, 1);
INSERT INTO `city` VALUES (180, '威海市', 15, 1);
INSERT INTO `city` VALUES (181, '日照市', 15, 1);
INSERT INTO `city` VALUES (182, '莱芜市', 15, 1);
INSERT INTO `city` VALUES (183, '临沂市', 15, 1);
INSERT INTO `city` VALUES (184, '德州市', 15, 1);
INSERT INTO `city` VALUES (185, '聊城市', 15, 1);
INSERT INTO `city` VALUES (186, '滨州市', 15, 1);
INSERT INTO `city` VALUES (187, '菏泽市', 15, 1);
INSERT INTO `city` VALUES (188, '郑州市', 16, 1);
INSERT INTO `city` VALUES (189, '开封市', 16, 1);
INSERT INTO `city` VALUES (190, '洛阳市', 16, 1);
INSERT INTO `city` VALUES (191, '平顶山市', 16, 1);
INSERT INTO `city` VALUES (192, '安阳市', 16, 1);
INSERT INTO `city` VALUES (193, '鹤壁市', 16, 1);
INSERT INTO `city` VALUES (194, '新乡市', 16, 1);
INSERT INTO `city` VALUES (195, '焦作市', 16, 1);
INSERT INTO `city` VALUES (196, '濮阳市', 16, 1);
INSERT INTO `city` VALUES (197, '许昌市', 16, 1);
INSERT INTO `city` VALUES (198, '漯河市', 16, 1);
INSERT INTO `city` VALUES (199, '三门峡市', 16, 1);
INSERT INTO `city` VALUES (200, '南阳市', 16, 1);
INSERT INTO `city` VALUES (201, '商丘市', 16, 1);
INSERT INTO `city` VALUES (202, '信阳市', 16, 1);
INSERT INTO `city` VALUES (203, '周口市', 16, 1);
INSERT INTO `city` VALUES (204, '驻马店市', 16, 1);
INSERT INTO `city` VALUES (205, '省直辖县级行政区划', 16, 1);
INSERT INTO `city` VALUES (206, '武汉市', 17, 1);
INSERT INTO `city` VALUES (207, '黄石市', 17, 1);
INSERT INTO `city` VALUES (208, '十堰市', 17, 1);
INSERT INTO `city` VALUES (209, '宜昌市', 17, 1);
INSERT INTO `city` VALUES (210, '襄阳市', 17, 1);
INSERT INTO `city` VALUES (211, '鄂州市', 17, 1);
INSERT INTO `city` VALUES (212, '荆门市', 17, 1);
INSERT INTO `city` VALUES (213, '孝感市', 17, 1);
INSERT INTO `city` VALUES (214, '荆州市', 17, 1);
INSERT INTO `city` VALUES (215, '黄冈市', 17, 1);
INSERT INTO `city` VALUES (216, '咸宁市', 17, 1);
INSERT INTO `city` VALUES (217, '随州市', 17, 1);
INSERT INTO `city` VALUES (218, '恩施土家族苗族自治州', 17, 1);
INSERT INTO `city` VALUES (219, '省直辖县级行政区划', 17, 1);
INSERT INTO `city` VALUES (220, '长沙市', 18, 1);
INSERT INTO `city` VALUES (221, '株洲市', 18, 1);
INSERT INTO `city` VALUES (222, '湘潭市', 18, 1);
INSERT INTO `city` VALUES (223, '衡阳市', 18, 1);
INSERT INTO `city` VALUES (224, '邵阳市', 18, 1);
INSERT INTO `city` VALUES (225, '岳阳市', 18, 1);
INSERT INTO `city` VALUES (226, '常德市', 18, 1);
INSERT INTO `city` VALUES (227, '张家界市', 18, 1);
INSERT INTO `city` VALUES (228, '益阳市', 18, 1);
INSERT INTO `city` VALUES (229, '郴州市', 18, 1);
INSERT INTO `city` VALUES (230, '永州市', 18, 1);
INSERT INTO `city` VALUES (231, '怀化市', 18, 1);
INSERT INTO `city` VALUES (232, '娄底市', 18, 1);
INSERT INTO `city` VALUES (233, '湘西土家族苗族自治州', 18, 1);
INSERT INTO `city` VALUES (234, '广州市', 19, 1);
INSERT INTO `city` VALUES (235, '韶关市', 19, 1);
INSERT INTO `city` VALUES (236, '深圳市', 19, 1);
INSERT INTO `city` VALUES (237, '珠海市', 19, 1);
INSERT INTO `city` VALUES (238, '汕头市', 19, 1);
INSERT INTO `city` VALUES (239, '佛山市', 19, 1);
INSERT INTO `city` VALUES (240, '江门市', 19, 1);
INSERT INTO `city` VALUES (241, '湛江市', 19, 1);
INSERT INTO `city` VALUES (242, '茂名市', 19, 1);
INSERT INTO `city` VALUES (243, '肇庆市', 19, 1);
INSERT INTO `city` VALUES (244, '惠州市', 19, 1);
INSERT INTO `city` VALUES (245, '梅州市', 19, 1);
INSERT INTO `city` VALUES (246, '汕尾市', 19, 1);
INSERT INTO `city` VALUES (247, '河源市', 19, 1);
INSERT INTO `city` VALUES (248, '阳江市', 19, 1);
INSERT INTO `city` VALUES (249, '清远市', 19, 1);
INSERT INTO `city` VALUES (250, '东莞市', 19, 1);
INSERT INTO `city` VALUES (251, '中山市', 19, 1);
INSERT INTO `city` VALUES (252, '潮州市', 19, 1);
INSERT INTO `city` VALUES (253, '揭阳市', 19, 1);
INSERT INTO `city` VALUES (254, '云浮市', 19, 1);
INSERT INTO `city` VALUES (255, '南宁市', 20, 1);
INSERT INTO `city` VALUES (256, '柳州市', 20, 1);
INSERT INTO `city` VALUES (257, '桂林市', 20, 1);
INSERT INTO `city` VALUES (258, '梧州市', 20, 1);
INSERT INTO `city` VALUES (259, '北海市', 20, 1);
INSERT INTO `city` VALUES (260, '防城港市', 20, 1);
INSERT INTO `city` VALUES (261, '钦州市', 20, 1);
INSERT INTO `city` VALUES (262, '贵港市', 20, 1);
INSERT INTO `city` VALUES (263, '玉林市', 20, 1);
INSERT INTO `city` VALUES (264, '百色市', 20, 1);
INSERT INTO `city` VALUES (265, '贺州市', 20, 1);
INSERT INTO `city` VALUES (266, '河池市', 20, 1);
INSERT INTO `city` VALUES (267, '来宾市', 20, 1);
INSERT INTO `city` VALUES (268, '崇左市', 20, 1);
INSERT INTO `city` VALUES (269, '海口市', 21, 1);
INSERT INTO `city` VALUES (270, '三亚市', 21, 1);
INSERT INTO `city` VALUES (271, '三沙市', 21, 1);
INSERT INTO `city` VALUES (272, '省直辖县级行政区划', 21, 1);
INSERT INTO `city` VALUES (273, '重庆市', 22, 1);
INSERT INTO `city` VALUES (274, '重庆县', 22, 1);
INSERT INTO `city` VALUES (275, '成都市', 23, 1);
INSERT INTO `city` VALUES (276, '自贡市', 23, 1);
INSERT INTO `city` VALUES (277, '攀枝花市', 23, 1);
INSERT INTO `city` VALUES (278, '泸州市', 23, 1);
INSERT INTO `city` VALUES (279, '德阳市', 23, 1);
INSERT INTO `city` VALUES (280, '绵阳市', 23, 1);
INSERT INTO `city` VALUES (281, '广元市', 23, 1);
INSERT INTO `city` VALUES (282, '遂宁市', 23, 1);
INSERT INTO `city` VALUES (283, '内江市', 23, 1);
INSERT INTO `city` VALUES (284, '乐山市', 23, 1);
INSERT INTO `city` VALUES (285, '南充市', 23, 1);
INSERT INTO `city` VALUES (286, '眉山市', 23, 1);
INSERT INTO `city` VALUES (287, '宜宾市', 23, 1);
INSERT INTO `city` VALUES (288, '广安市', 23, 1);
INSERT INTO `city` VALUES (289, '达州市', 23, 1);
INSERT INTO `city` VALUES (290, '雅安市', 23, 1);
INSERT INTO `city` VALUES (291, '巴中市', 23, 1);
INSERT INTO `city` VALUES (292, '资阳市', 23, 1);
INSERT INTO `city` VALUES (293, '阿坝藏族羌族自治州', 23, 1);
INSERT INTO `city` VALUES (294, '甘孜藏族自治州', 23, 1);
INSERT INTO `city` VALUES (295, '凉山彝族自治州', 23, 1);
INSERT INTO `city` VALUES (296, '贵阳市', 24, 1);
INSERT INTO `city` VALUES (297, '六盘水市', 24, 1);
INSERT INTO `city` VALUES (298, '遵义市', 24, 1);
INSERT INTO `city` VALUES (299, '安顺市', 24, 1);
INSERT INTO `city` VALUES (300, '毕节市', 24, 1);
INSERT INTO `city` VALUES (301, '铜仁市', 24, 1);
INSERT INTO `city` VALUES (302, '黔西南布依族苗族自治州', 24, 1);
INSERT INTO `city` VALUES (303, '黔东南苗族侗族自治州', 24, 1);
INSERT INTO `city` VALUES (304, '黔南布依族苗族自治州', 24, 1);
INSERT INTO `city` VALUES (305, '昆明市', 25, 1);
INSERT INTO `city` VALUES (306, '曲靖市', 25, 1);
INSERT INTO `city` VALUES (307, '玉溪市', 25, 1);
INSERT INTO `city` VALUES (308, '保山市', 25, 1);
INSERT INTO `city` VALUES (309, '昭通市', 25, 1);
INSERT INTO `city` VALUES (310, '丽江市', 25, 1);
INSERT INTO `city` VALUES (311, '普洱市', 25, 1);
INSERT INTO `city` VALUES (312, '临沧市', 25, 1);
INSERT INTO `city` VALUES (313, '楚雄彝族自治州', 25, 1);
INSERT INTO `city` VALUES (314, '红河哈尼族彝族自治州', 25, 1);
INSERT INTO `city` VALUES (315, '文山壮族苗族自治州', 25, 1);
INSERT INTO `city` VALUES (316, '西双版纳傣族自治州', 25, 1);
INSERT INTO `city` VALUES (317, '大理白族自治州', 25, 1);
INSERT INTO `city` VALUES (318, '德宏傣族景颇族自治州', 25, 1);
INSERT INTO `city` VALUES (319, '怒江傈僳族自治州', 25, 1);
INSERT INTO `city` VALUES (320, '迪庆藏族自治州', 25, 1);
INSERT INTO `city` VALUES (321, '拉萨市', 26, 1);
INSERT INTO `city` VALUES (322, '日喀则市', 26, 1);
INSERT INTO `city` VALUES (323, '昌都地区', 26, 1);
INSERT INTO `city` VALUES (324, '山南地区', 26, 1);
INSERT INTO `city` VALUES (325, '那曲地区', 26, 1);
INSERT INTO `city` VALUES (326, '阿里地区', 26, 1);
INSERT INTO `city` VALUES (327, '林芝地区', 26, 1);
INSERT INTO `city` VALUES (328, '西安市', 27, 1);
INSERT INTO `city` VALUES (329, '铜川市', 27, 1);
INSERT INTO `city` VALUES (330, '宝鸡市', 27, 1);
INSERT INTO `city` VALUES (331, '咸阳市', 27, 1);
INSERT INTO `city` VALUES (332, '渭南市', 27, 1);
INSERT INTO `city` VALUES (333, '延安市', 27, 1);
INSERT INTO `city` VALUES (334, '汉中市', 27, 1);
INSERT INTO `city` VALUES (335, '榆林市', 27, 1);
INSERT INTO `city` VALUES (336, '安康市', 27, 1);
INSERT INTO `city` VALUES (337, '商洛市', 27, 1);
INSERT INTO `city` VALUES (338, '兰州市', 28, 1);
INSERT INTO `city` VALUES (339, '嘉峪关市', 28, 1);
INSERT INTO `city` VALUES (340, '金昌市', 28, 1);
INSERT INTO `city` VALUES (341, '白银市', 28, 1);
INSERT INTO `city` VALUES (342, '天水市', 28, 1);
INSERT INTO `city` VALUES (343, '武威市', 28, 1);
INSERT INTO `city` VALUES (344, '张掖市', 28, 1);
INSERT INTO `city` VALUES (345, '平凉市', 28, 1);
INSERT INTO `city` VALUES (346, '酒泉市', 28, 1);
INSERT INTO `city` VALUES (347, '庆阳市', 28, 1);
INSERT INTO `city` VALUES (348, '定西市', 28, 1);
INSERT INTO `city` VALUES (349, '陇南市', 28, 1);
INSERT INTO `city` VALUES (350, '临夏回族自治州', 28, 1);
INSERT INTO `city` VALUES (351, '甘南藏族自治州', 28, 1);
INSERT INTO `city` VALUES (352, '西宁市', 29, 1);
INSERT INTO `city` VALUES (353, '海东市', 29, 1);
INSERT INTO `city` VALUES (354, '海北藏族自治州', 29, 1);
INSERT INTO `city` VALUES (355, '黄南藏族自治州', 29, 1);
INSERT INTO `city` VALUES (356, '海南藏族自治州', 29, 1);
INSERT INTO `city` VALUES (357, '果洛藏族自治州', 29, 1);
INSERT INTO `city` VALUES (358, '玉树藏族自治州', 29, 1);
INSERT INTO `city` VALUES (359, '海西蒙古族藏族自治州', 29, 1);
INSERT INTO `city` VALUES (360, '银川市', 30, 1);
INSERT INTO `city` VALUES (361, '石嘴山市', 30, 1);
INSERT INTO `city` VALUES (362, '吴忠市', 30, 1);
INSERT INTO `city` VALUES (363, '固原市', 30, 1);
INSERT INTO `city` VALUES (364, '中卫市', 30, 1);
INSERT INTO `city` VALUES (365, '乌鲁木齐市', 31, 1);
INSERT INTO `city` VALUES (366, '克拉玛依市', 31, 1);
INSERT INTO `city` VALUES (367, '吐鲁番地区', 31, 1);
INSERT INTO `city` VALUES (368, '哈密地区', 31, 1);
INSERT INTO `city` VALUES (369, '昌吉回族自治州', 31, 1);
INSERT INTO `city` VALUES (370, '博尔塔拉蒙古自治州', 31, 1);
INSERT INTO `city` VALUES (371, '巴音郭楞蒙古自治州', 31, 1);
INSERT INTO `city` VALUES (372, '阿克苏地区', 31, 1);
INSERT INTO `city` VALUES (373, '克孜勒苏柯尔克孜自治州', 31, 1);
INSERT INTO `city` VALUES (374, '喀什地区', 31, 1);
INSERT INTO `city` VALUES (375, '和田地区', 31, 1);
INSERT INTO `city` VALUES (376, '伊犁哈萨克自治州', 31, 1);
INSERT INTO `city` VALUES (377, '塔城地区', 31, 1);
INSERT INTO `city` VALUES (378, '阿勒泰地区', 31, 1);
INSERT INTO `city` VALUES (379, '自治区直辖县级行政区划', 31, 1);
INSERT INTO `city` VALUES (380, '东城区', 35, 2);
INSERT INTO `city` VALUES (381, '西城区', 35, 2);
INSERT INTO `city` VALUES (382, '朝阳区', 35, 2);
INSERT INTO `city` VALUES (383, '丰台区', 35, 2);
INSERT INTO `city` VALUES (384, '石景山区', 35, 2);
INSERT INTO `city` VALUES (385, '海淀区', 35, 2);
INSERT INTO `city` VALUES (386, '门头沟区', 35, 2);
INSERT INTO `city` VALUES (387, '房山区', 35, 2);
INSERT INTO `city` VALUES (388, '通州区', 35, 2);
INSERT INTO `city` VALUES (389, '顺义区', 35, 2);
INSERT INTO `city` VALUES (390, '昌平区', 35, 2);
INSERT INTO `city` VALUES (391, '大兴区', 35, 2);
INSERT INTO `city` VALUES (392, '怀柔区', 35, 2);
INSERT INTO `city` VALUES (393, '平谷区', 35, 2);
INSERT INTO `city` VALUES (394, '密云县', 36, 2);
INSERT INTO `city` VALUES (395, '延庆县', 36, 2);
INSERT INTO `city` VALUES (396, '和平区', 37, 2);
INSERT INTO `city` VALUES (397, '河东区', 37, 2);
INSERT INTO `city` VALUES (398, '河西区', 37, 2);
INSERT INTO `city` VALUES (399, '南开区', 37, 2);
INSERT INTO `city` VALUES (400, '河北区', 37, 2);
INSERT INTO `city` VALUES (401, '红桥区', 37, 2);
INSERT INTO `city` VALUES (402, '东丽区', 37, 2);
INSERT INTO `city` VALUES (403, '西青区', 37, 2);
INSERT INTO `city` VALUES (404, '津南区', 37, 2);
INSERT INTO `city` VALUES (405, '北辰区', 37, 2);
INSERT INTO `city` VALUES (406, '武清区', 37, 2);
INSERT INTO `city` VALUES (407, '宝坻区', 37, 2);
INSERT INTO `city` VALUES (408, '滨海新区', 37, 2);
INSERT INTO `city` VALUES (409, '宁河县', 38, 2);
INSERT INTO `city` VALUES (410, '静海县', 38, 2);
INSERT INTO `city` VALUES (411, '蓟县', 38, 2);
INSERT INTO `city` VALUES (413, '长安区', 39, 2);
INSERT INTO `city` VALUES (414, '桥西区', 39, 2);
INSERT INTO `city` VALUES (415, '正定县', 39, 2);
INSERT INTO `city` VALUES (416, '行唐县', 39, 2);
INSERT INTO `city` VALUES (417, '灵寿县', 39, 2);
INSERT INTO `city` VALUES (418, '高邑县', 39, 2);
INSERT INTO `city` VALUES (419, '辛集市', 39, 2);
INSERT INTO `city` VALUES (420, '晋州市', 39, 2);
INSERT INTO `city` VALUES (421, '新乐市', 39, 2);
INSERT INTO `city` VALUES (422, '路南区', 40, 2);
INSERT INTO `city` VALUES (423, '路北区', 40, 2);
INSERT INTO `city` VALUES (424, '古冶区', 40, 2);
INSERT INTO `city` VALUES (425, '开平区', 40, 2);
INSERT INTO `city` VALUES (426, '丰南区', 40, 2);
INSERT INTO `city` VALUES (427, '丰润区', 40, 2);
INSERT INTO `city` VALUES (428, '曹妃甸区', 40, 2);
INSERT INTO `city` VALUES (429, '滦县', 40, 2);
INSERT INTO `city` VALUES (430, '滦南县', 40, 2);
INSERT INTO `city` VALUES (431, '乐亭县', 40, 2);
INSERT INTO `city` VALUES (432, '迁西县', 40, 2);
INSERT INTO `city` VALUES (433, '玉田县', 40, 2);
INSERT INTO `city` VALUES (434, '遵化市', 40, 2);
INSERT INTO `city` VALUES (435, '迁安市', 40, 2);
INSERT INTO `city` VALUES (436, '海港区', 41, 2);
INSERT INTO `city` VALUES (437, '山海关区', 41, 2);
INSERT INTO `city` VALUES (438, '北戴河区', 41, 2);
INSERT INTO `city` VALUES (439, '青龙满族自治县', 41, 2);
INSERT INTO `city` VALUES (440, '昌黎县', 41, 2);
INSERT INTO `city` VALUES (441, '抚宁县', 41, 2);
INSERT INTO `city` VALUES (442, '卢龙县', 41, 2);
INSERT INTO `city` VALUES (443, '邯山区', 42, 2);
INSERT INTO `city` VALUES (444, '丛台区', 42, 2);
INSERT INTO `city` VALUES (445, '复兴区', 42, 2);
INSERT INTO `city` VALUES (446, '峰峰矿区', 42, 2);
INSERT INTO `city` VALUES (447, '邯郸县', 42, 2);
INSERT INTO `city` VALUES (448, '临漳县', 42, 2);
INSERT INTO `city` VALUES (449, '成安县', 42, 2);
INSERT INTO `city` VALUES (450, '大名县', 42, 2);
INSERT INTO `city` VALUES (451, '涉县', 42, 2);
INSERT INTO `city` VALUES (452, '磁县', 42, 2);
INSERT INTO `city` VALUES (453, '肥乡县', 42, 2);
INSERT INTO `city` VALUES (454, '永年县', 42, 2);
INSERT INTO `city` VALUES (455, '邱县', 42, 2);
INSERT INTO `city` VALUES (456, '鸡泽县', 42, 2);
INSERT INTO `city` VALUES (457, '广平县', 42, 2);
INSERT INTO `city` VALUES (458, '馆陶县', 42, 2);
INSERT INTO `city` VALUES (459, '魏县', 42, 2);
INSERT INTO `city` VALUES (460, '曲周县', 42, 2);
INSERT INTO `city` VALUES (461, '武安市', 42, 2);
INSERT INTO `city` VALUES (462, '桥东区', 43, 2);
INSERT INTO `city` VALUES (463, '邢台县', 43, 2);
INSERT INTO `city` VALUES (464, '临城县', 43, 2);
INSERT INTO `city` VALUES (465, '内丘县', 43, 2);
INSERT INTO `city` VALUES (466, '柏乡县', 43, 2);
INSERT INTO `city` VALUES (467, '隆尧县', 43, 2);
INSERT INTO `city` VALUES (468, '任县', 43, 2);
INSERT INTO `city` VALUES (469, '南和县', 43, 2);
INSERT INTO `city` VALUES (470, '宁晋县', 43, 2);
INSERT INTO `city` VALUES (471, '巨鹿县', 43, 2);
INSERT INTO `city` VALUES (472, '新河县', 43, 2);
INSERT INTO `city` VALUES (473, '广宗县', 43, 2);
INSERT INTO `city` VALUES (474, '平乡县', 43, 2);
INSERT INTO `city` VALUES (475, '威县', 43, 2);
INSERT INTO `city` VALUES (476, '清河县', 43, 2);
INSERT INTO `city` VALUES (477, '临西县', 43, 2);
INSERT INTO `city` VALUES (478, '南宫市', 43, 2);
INSERT INTO `city` VALUES (479, '沙河市', 43, 2);
INSERT INTO `city` VALUES (480, '新市区', 44, 2);
INSERT INTO `city` VALUES (481, '北市区', 44, 2);
INSERT INTO `city` VALUES (482, '南市区', 44, 2);
INSERT INTO `city` VALUES (483, '满城县', 44, 2);
INSERT INTO `city` VALUES (484, '清苑县', 44, 2);
INSERT INTO `city` VALUES (485, '涞水县', 44, 2);
INSERT INTO `city` VALUES (486, '阜平县', 44, 2);
INSERT INTO `city` VALUES (487, '徐水县', 44, 2);
INSERT INTO `city` VALUES (488, '定兴县', 44, 2);
INSERT INTO `city` VALUES (489, '唐县', 44, 2);
INSERT INTO `city` VALUES (490, '高阳县', 44, 2);
INSERT INTO `city` VALUES (491, '容城县', 44, 2);
INSERT INTO `city` VALUES (492, '涞源县', 44, 2);
INSERT INTO `city` VALUES (493, '望都县', 44, 2);
INSERT INTO `city` VALUES (494, '安新县', 44, 2);
INSERT INTO `city` VALUES (495, '易县', 44, 2);
INSERT INTO `city` VALUES (496, '曲阳县', 44, 2);
INSERT INTO `city` VALUES (497, '蠡县', 44, 2);
INSERT INTO `city` VALUES (498, '顺平县', 44, 2);
INSERT INTO `city` VALUES (499, '博野县', 44, 2);
INSERT INTO `city` VALUES (500, '雄县', 44, 2);
INSERT INTO `city` VALUES (501, '涿州市', 44, 2);
INSERT INTO `city` VALUES (502, '定州市', 44, 2);
INSERT INTO `city` VALUES (503, '安国市', 44, 2);
INSERT INTO `city` VALUES (504, '高碑店市', 44, 2);
INSERT INTO `city` VALUES (505, '宣化区', 45, 2);
INSERT INTO `city` VALUES (506, '下花园区', 45, 2);
INSERT INTO `city` VALUES (507, '宣化县', 45, 2);
INSERT INTO `city` VALUES (508, '张北县', 45, 2);
INSERT INTO `city` VALUES (509, '康保县', 45, 2);
INSERT INTO `city` VALUES (510, '沽源县', 45, 2);
INSERT INTO `city` VALUES (511, '尚义县', 45, 2);
INSERT INTO `city` VALUES (512, '蔚县', 45, 2);
INSERT INTO `city` VALUES (513, '阳原县', 45, 2);
INSERT INTO `city` VALUES (514, '怀安县', 45, 2);
INSERT INTO `city` VALUES (515, '万全县', 45, 2);
INSERT INTO `city` VALUES (516, '怀来县', 45, 2);
INSERT INTO `city` VALUES (517, '涿鹿县', 45, 2);
INSERT INTO `city` VALUES (518, '赤城县', 45, 2);
INSERT INTO `city` VALUES (519, '崇礼县', 45, 2);
INSERT INTO `city` VALUES (520, '双桥区', 46, 2);
INSERT INTO `city` VALUES (521, '双滦区', 46, 2);
INSERT INTO `city` VALUES (522, '鹰手营子矿区', 46, 2);
INSERT INTO `city` VALUES (523, '承德县', 46, 2);
INSERT INTO `city` VALUES (524, '兴隆县', 46, 2);
INSERT INTO `city` VALUES (525, '平泉县', 46, 2);
INSERT INTO `city` VALUES (526, '滦平县', 46, 2);
INSERT INTO `city` VALUES (527, '隆化县', 46, 2);
INSERT INTO `city` VALUES (528, '丰宁满族自治县', 46, 2);
INSERT INTO `city` VALUES (529, '宽城满族自治县', 46, 2);
INSERT INTO `city` VALUES (530, '围场满族蒙古族自治县', 46, 2);
INSERT INTO `city` VALUES (531, '运河区', 47, 2);
INSERT INTO `city` VALUES (532, '沧县', 47, 2);
INSERT INTO `city` VALUES (533, '青县', 47, 2);
INSERT INTO `city` VALUES (534, '东光县', 47, 2);
INSERT INTO `city` VALUES (535, '海兴县', 47, 2);
INSERT INTO `city` VALUES (536, '盐山县', 47, 2);
INSERT INTO `city` VALUES (537, '肃宁县', 47, 2);
INSERT INTO `city` VALUES (538, '南皮县', 47, 2);
INSERT INTO `city` VALUES (539, '吴桥县', 47, 2);
INSERT INTO `city` VALUES (540, '献县', 47, 2);
INSERT INTO `city` VALUES (541, '孟村回族自治县', 47, 2);
INSERT INTO `city` VALUES (542, '泊头市', 47, 2);
INSERT INTO `city` VALUES (543, '任丘市', 47, 2);
INSERT INTO `city` VALUES (544, '黄骅市', 47, 2);
INSERT INTO `city` VALUES (545, '河间市', 47, 2);
INSERT INTO `city` VALUES (546, '安次区', 48, 2);
INSERT INTO `city` VALUES (547, '广阳区', 48, 2);
INSERT INTO `city` VALUES (548, '固安县', 48, 2);
INSERT INTO `city` VALUES (549, '永清县', 48, 2);
INSERT INTO `city` VALUES (550, '香河县', 48, 2);
INSERT INTO `city` VALUES (551, '大城县', 48, 2);
INSERT INTO `city` VALUES (552, '文安县', 48, 2);
INSERT INTO `city` VALUES (553, '大厂回族自治县', 48, 2);
INSERT INTO `city` VALUES (554, '霸州市', 48, 2);
INSERT INTO `city` VALUES (555, '三河市', 48, 2);
INSERT INTO `city` VALUES (556, '桃城区', 49, 2);
INSERT INTO `city` VALUES (557, '枣强县', 49, 2);
INSERT INTO `city` VALUES (558, '武邑县', 49, 2);
INSERT INTO `city` VALUES (559, '武强县', 49, 2);
INSERT INTO `city` VALUES (560, '饶阳县', 49, 2);
INSERT INTO `city` VALUES (561, '安平县', 49, 2);
INSERT INTO `city` VALUES (562, '故城县', 49, 2);
INSERT INTO `city` VALUES (563, '景县', 49, 2);
INSERT INTO `city` VALUES (564, '阜城县', 49, 2);
INSERT INTO `city` VALUES (565, '冀州市', 49, 2);
INSERT INTO `city` VALUES (566, '深州市', 49, 2);
INSERT INTO `city` VALUES (567, '小店区', 50, 2);
INSERT INTO `city` VALUES (568, '迎泽区', 50, 2);
INSERT INTO `city` VALUES (569, '杏花岭区', 50, 2);
INSERT INTO `city` VALUES (570, '尖草坪区', 50, 2);
INSERT INTO `city` VALUES (571, '万柏林区', 50, 2);
INSERT INTO `city` VALUES (572, '晋源区', 50, 2);
INSERT INTO `city` VALUES (573, '清徐县', 50, 2);
INSERT INTO `city` VALUES (574, '阳曲县', 50, 2);
INSERT INTO `city` VALUES (575, '娄烦县', 50, 2);
INSERT INTO `city` VALUES (576, '古交市', 50, 2);
INSERT INTO `city` VALUES (577, '城区', 51, 2);
INSERT INTO `city` VALUES (578, '矿区', 51, 2);
INSERT INTO `city` VALUES (579, '南郊区', 51, 2);
INSERT INTO `city` VALUES (580, '新荣区', 51, 2);
INSERT INTO `city` VALUES (581, '阳高县', 51, 2);
INSERT INTO `city` VALUES (582, '天镇县', 51, 2);
INSERT INTO `city` VALUES (583, '广灵县', 51, 2);
INSERT INTO `city` VALUES (584, '灵丘县', 51, 2);
INSERT INTO `city` VALUES (585, '浑源县', 51, 2);
INSERT INTO `city` VALUES (586, '左云县', 51, 2);
INSERT INTO `city` VALUES (587, '大同县', 51, 2);
INSERT INTO `city` VALUES (588, '郊区', 52, 2);
INSERT INTO `city` VALUES (589, '平定县', 52, 2);
INSERT INTO `city` VALUES (590, '盂县', 52, 2);
INSERT INTO `city` VALUES (591, '长治县', 53, 2);
INSERT INTO `city` VALUES (592, '襄垣县', 53, 2);
INSERT INTO `city` VALUES (593, '屯留县', 53, 2);
INSERT INTO `city` VALUES (594, '平顺县', 53, 2);
INSERT INTO `city` VALUES (595, '黎城县', 53, 2);
INSERT INTO `city` VALUES (596, '壶关县', 53, 2);
INSERT INTO `city` VALUES (597, '长子县', 53, 2);
INSERT INTO `city` VALUES (598, '武乡县', 53, 2);
INSERT INTO `city` VALUES (599, '沁县', 53, 2);
INSERT INTO `city` VALUES (600, '沁源县', 53, 2);
INSERT INTO `city` VALUES (601, '潞城市', 53, 2);
INSERT INTO `city` VALUES (602, '沁水县', 54, 2);
INSERT INTO `city` VALUES (603, '阳城县', 54, 2);
INSERT INTO `city` VALUES (604, '陵川县', 54, 2);
INSERT INTO `city` VALUES (605, '泽州县', 54, 2);
INSERT INTO `city` VALUES (606, '高平市', 54, 2);
INSERT INTO `city` VALUES (607, '朔城区', 55, 2);
INSERT INTO `city` VALUES (608, '平鲁区', 55, 2);
INSERT INTO `city` VALUES (609, '山阴县', 55, 2);
INSERT INTO `city` VALUES (610, '应县', 55, 2);
INSERT INTO `city` VALUES (611, '右玉县', 55, 2);
INSERT INTO `city` VALUES (612, '怀仁县', 55, 2);
INSERT INTO `city` VALUES (613, '榆次区', 56, 2);
INSERT INTO `city` VALUES (614, '榆社县', 56, 2);
INSERT INTO `city` VALUES (615, '左权县', 56, 2);
INSERT INTO `city` VALUES (616, '和顺县', 56, 2);
INSERT INTO `city` VALUES (617, '昔阳县', 56, 2);
INSERT INTO `city` VALUES (618, '寿阳县', 56, 2);
INSERT INTO `city` VALUES (619, '太谷县', 56, 2);
INSERT INTO `city` VALUES (620, '祁县', 56, 2);
INSERT INTO `city` VALUES (621, '平遥县', 56, 2);
INSERT INTO `city` VALUES (622, '灵石县', 56, 2);
INSERT INTO `city` VALUES (623, '介休市', 56, 2);
INSERT INTO `city` VALUES (624, '盐湖区', 57, 2);
INSERT INTO `city` VALUES (625, '临猗县', 57, 2);
INSERT INTO `city` VALUES (626, '万荣县', 57, 2);
INSERT INTO `city` VALUES (627, '闻喜县', 57, 2);
INSERT INTO `city` VALUES (628, '稷山县', 57, 2);
INSERT INTO `city` VALUES (629, '新绛县', 57, 2);
INSERT INTO `city` VALUES (630, '绛县', 57, 2);
INSERT INTO `city` VALUES (631, '垣曲县', 57, 2);
INSERT INTO `city` VALUES (632, '夏县', 57, 2);
INSERT INTO `city` VALUES (633, '平陆县', 57, 2);
INSERT INTO `city` VALUES (634, '芮城县', 57, 2);
INSERT INTO `city` VALUES (635, '永济市', 57, 2);
INSERT INTO `city` VALUES (636, '河津市', 57, 2);
INSERT INTO `city` VALUES (637, '忻府区', 58, 2);
INSERT INTO `city` VALUES (638, '定襄县', 58, 2);
INSERT INTO `city` VALUES (639, '五台县', 58, 2);
INSERT INTO `city` VALUES (640, '代县', 58, 2);
INSERT INTO `city` VALUES (641, '繁峙县', 58, 2);
INSERT INTO `city` VALUES (642, '宁武县', 58, 2);
INSERT INTO `city` VALUES (643, '静乐县', 58, 2);
INSERT INTO `city` VALUES (644, '神池县', 58, 2);
INSERT INTO `city` VALUES (645, '五寨县', 58, 2);
INSERT INTO `city` VALUES (646, '岢岚县', 58, 2);
INSERT INTO `city` VALUES (647, '河曲县', 58, 2);
INSERT INTO `city` VALUES (648, '保德县', 58, 2);
INSERT INTO `city` VALUES (649, '偏关县', 58, 2);
INSERT INTO `city` VALUES (650, '原平市', 58, 2);
INSERT INTO `city` VALUES (651, '尧都区', 59, 2);
INSERT INTO `city` VALUES (652, '曲沃县', 59, 2);
INSERT INTO `city` VALUES (653, '翼城县', 59, 2);
INSERT INTO `city` VALUES (654, '襄汾县', 59, 2);
INSERT INTO `city` VALUES (655, '洪洞县', 59, 2);
INSERT INTO `city` VALUES (656, '古县', 59, 2);
INSERT INTO `city` VALUES (657, '安泽县', 59, 2);
INSERT INTO `city` VALUES (658, '浮山县', 59, 2);
INSERT INTO `city` VALUES (659, '吉县', 59, 2);
INSERT INTO `city` VALUES (660, '乡宁县', 59, 2);
INSERT INTO `city` VALUES (661, '大宁县', 59, 2);
INSERT INTO `city` VALUES (662, '隰县', 59, 2);
INSERT INTO `city` VALUES (663, '永和县', 59, 2);
INSERT INTO `city` VALUES (664, '蒲县', 59, 2);
INSERT INTO `city` VALUES (665, '汾西县', 59, 2);
INSERT INTO `city` VALUES (666, '侯马市', 59, 2);
INSERT INTO `city` VALUES (667, '霍州市', 59, 2);
INSERT INTO `city` VALUES (668, '离石区', 60, 2);
INSERT INTO `city` VALUES (669, '文水县', 60, 2);
INSERT INTO `city` VALUES (670, '交城县', 60, 2);
INSERT INTO `city` VALUES (671, '兴县', 60, 2);
INSERT INTO `city` VALUES (672, '临县', 60, 2);
INSERT INTO `city` VALUES (673, '柳林县', 60, 2);
INSERT INTO `city` VALUES (674, '石楼县', 60, 2);
INSERT INTO `city` VALUES (675, '岚县', 60, 2);
INSERT INTO `city` VALUES (676, '方山县', 60, 2);
INSERT INTO `city` VALUES (677, '中阳县', 60, 2);
INSERT INTO `city` VALUES (678, '交口县', 60, 2);
INSERT INTO `city` VALUES (679, '孝义市', 60, 2);
INSERT INTO `city` VALUES (680, '汾阳市', 60, 2);
INSERT INTO `city` VALUES (681, '新城区', 61, 2);
INSERT INTO `city` VALUES (682, '回民区', 61, 2);
INSERT INTO `city` VALUES (683, '玉泉区', 61, 2);
INSERT INTO `city` VALUES (684, '赛罕区', 61, 2);
INSERT INTO `city` VALUES (685, '土默特左旗', 61, 2);
INSERT INTO `city` VALUES (686, '托克托县', 61, 2);
INSERT INTO `city` VALUES (687, '和林格尔县', 61, 2);
INSERT INTO `city` VALUES (688, '清水河县', 61, 2);
INSERT INTO `city` VALUES (689, '武川县', 61, 2);
INSERT INTO `city` VALUES (690, '东河区', 62, 2);
INSERT INTO `city` VALUES (691, '昆都仑区', 62, 2);
INSERT INTO `city` VALUES (692, '青山区', 62, 2);
INSERT INTO `city` VALUES (693, '石拐区', 62, 2);
INSERT INTO `city` VALUES (694, '白云鄂博矿区', 62, 2);
INSERT INTO `city` VALUES (695, '九原区', 62, 2);
INSERT INTO `city` VALUES (696, '土默特右旗', 62, 2);
INSERT INTO `city` VALUES (697, '固阳县', 62, 2);
INSERT INTO `city` VALUES (698, '达尔罕茂明安联合旗', 62, 2);
INSERT INTO `city` VALUES (699, '海勃湾区', 63, 2);
INSERT INTO `city` VALUES (700, '海南区', 63, 2);
INSERT INTO `city` VALUES (701, '乌达区', 63, 2);
INSERT INTO `city` VALUES (702, '红山区', 64, 2);
INSERT INTO `city` VALUES (703, '元宝山区', 64, 2);
INSERT INTO `city` VALUES (704, '松山区', 64, 2);
INSERT INTO `city` VALUES (705, '阿鲁科尔沁旗', 64, 2);
INSERT INTO `city` VALUES (706, '巴林左旗', 64, 2);
INSERT INTO `city` VALUES (707, '巴林右旗', 64, 2);
INSERT INTO `city` VALUES (708, '林西县', 64, 2);
INSERT INTO `city` VALUES (709, '克什克腾旗', 64, 2);
INSERT INTO `city` VALUES (710, '翁牛特旗', 64, 2);
INSERT INTO `city` VALUES (711, '喀喇沁旗', 64, 2);
INSERT INTO `city` VALUES (712, '宁城县', 64, 2);
INSERT INTO `city` VALUES (713, '敖汉旗', 64, 2);
INSERT INTO `city` VALUES (714, '科尔沁区', 65, 2);
INSERT INTO `city` VALUES (715, '科尔沁左翼中旗', 65, 2);
INSERT INTO `city` VALUES (716, '科尔沁左翼后旗', 65, 2);
INSERT INTO `city` VALUES (717, '开鲁县', 65, 2);
INSERT INTO `city` VALUES (718, '库伦旗', 65, 2);
INSERT INTO `city` VALUES (719, '奈曼旗', 65, 2);
INSERT INTO `city` VALUES (720, '扎鲁特旗', 65, 2);
INSERT INTO `city` VALUES (721, '霍林郭勒市', 65, 2);
INSERT INTO `city` VALUES (722, '东胜区', 66, 2);
INSERT INTO `city` VALUES (723, '达拉特旗', 66, 2);
INSERT INTO `city` VALUES (724, '准格尔旗', 66, 2);
INSERT INTO `city` VALUES (725, '鄂托克前旗', 66, 2);
INSERT INTO `city` VALUES (726, '鄂托克旗', 66, 2);
INSERT INTO `city` VALUES (727, '杭锦旗', 66, 2);
INSERT INTO `city` VALUES (728, '乌审旗', 66, 2);
INSERT INTO `city` VALUES (729, '伊金霍洛旗', 66, 2);
INSERT INTO `city` VALUES (730, '海拉尔区', 67, 2);
INSERT INTO `city` VALUES (731, '扎赉诺尔区', 67, 2);
INSERT INTO `city` VALUES (732, '阿荣旗', 67, 2);
INSERT INTO `city` VALUES (733, '莫力达瓦达斡尔族自治旗', 67, 2);
INSERT INTO `city` VALUES (734, '鄂伦春自治旗', 67, 2);
INSERT INTO `city` VALUES (735, '鄂温克族自治旗', 67, 2);
INSERT INTO `city` VALUES (736, '陈巴尔虎旗', 67, 2);
INSERT INTO `city` VALUES (737, '新巴尔虎左旗', 67, 2);
INSERT INTO `city` VALUES (738, '新巴尔虎右旗', 67, 2);
INSERT INTO `city` VALUES (739, '满洲里市', 67, 2);
INSERT INTO `city` VALUES (740, '牙克石市', 67, 2);
INSERT INTO `city` VALUES (741, '扎兰屯市', 67, 2);
INSERT INTO `city` VALUES (742, '额尔古纳市', 67, 2);
INSERT INTO `city` VALUES (743, '根河市', 67, 2);
INSERT INTO `city` VALUES (744, '临河区', 68, 2);
INSERT INTO `city` VALUES (745, '五原县', 68, 2);
INSERT INTO `city` VALUES (746, '磴口县', 68, 2);
INSERT INTO `city` VALUES (747, '乌拉特前旗', 68, 2);
INSERT INTO `city` VALUES (748, '乌拉特中旗', 68, 2);
INSERT INTO `city` VALUES (749, '乌拉特后旗', 68, 2);
INSERT INTO `city` VALUES (750, '杭锦后旗', 68, 2);
INSERT INTO `city` VALUES (751, '集宁区', 69, 2);
INSERT INTO `city` VALUES (752, '卓资县', 69, 2);
INSERT INTO `city` VALUES (753, '化德县', 69, 2);
INSERT INTO `city` VALUES (754, '商都县', 69, 2);
INSERT INTO `city` VALUES (755, '兴和县', 69, 2);
INSERT INTO `city` VALUES (756, '凉城县', 69, 2);
INSERT INTO `city` VALUES (757, '察哈尔右翼前旗', 69, 2);
INSERT INTO `city` VALUES (758, '察哈尔右翼中旗', 69, 2);
INSERT INTO `city` VALUES (759, '察哈尔右翼后旗', 69, 2);
INSERT INTO `city` VALUES (760, '四子王旗', 69, 2);
INSERT INTO `city` VALUES (761, '丰镇市', 69, 2);
INSERT INTO `city` VALUES (762, '乌兰浩特市', 70, 2);
INSERT INTO `city` VALUES (763, '阿尔山市', 70, 2);
INSERT INTO `city` VALUES (764, '科尔沁右翼前旗', 70, 2);
INSERT INTO `city` VALUES (765, '科尔沁右翼中旗', 70, 2);
INSERT INTO `city` VALUES (766, '扎赉特旗', 70, 2);
INSERT INTO `city` VALUES (767, '突泉县', 70, 2);
INSERT INTO `city` VALUES (768, '二连浩特市', 71, 2);
INSERT INTO `city` VALUES (769, '锡林浩特市', 71, 2);
INSERT INTO `city` VALUES (770, '阿巴嘎旗', 71, 2);
INSERT INTO `city` VALUES (771, '苏尼特左旗', 71, 2);
INSERT INTO `city` VALUES (772, '苏尼特右旗', 71, 2);
INSERT INTO `city` VALUES (773, '东乌珠穆沁旗', 71, 2);
INSERT INTO `city` VALUES (774, '西乌珠穆沁旗', 71, 2);
INSERT INTO `city` VALUES (775, '太仆寺旗', 71, 2);
INSERT INTO `city` VALUES (776, '镶黄旗', 71, 2);
INSERT INTO `city` VALUES (777, '正镶白旗', 71, 2);
INSERT INTO `city` VALUES (778, '正蓝旗', 71, 2);
INSERT INTO `city` VALUES (779, '多伦县', 71, 2);
INSERT INTO `city` VALUES (780, '阿拉善左旗', 72, 2);
INSERT INTO `city` VALUES (781, '阿拉善右旗', 72, 2);
INSERT INTO `city` VALUES (782, '额济纳旗', 72, 2);
INSERT INTO `city` VALUES (783, '沈河区', 73, 2);
INSERT INTO `city` VALUES (784, '大东区', 73, 2);
INSERT INTO `city` VALUES (785, '皇姑区', 73, 2);
INSERT INTO `city` VALUES (786, '铁西区', 73, 2);
INSERT INTO `city` VALUES (787, '苏家屯区', 73, 2);
INSERT INTO `city` VALUES (788, '浑南区', 73, 2);
INSERT INTO `city` VALUES (789, '沈北新区', 73, 2);
INSERT INTO `city` VALUES (790, '于洪区', 73, 2);
INSERT INTO `city` VALUES (791, '辽中县', 73, 2);
INSERT INTO `city` VALUES (792, '康平县', 73, 2);
INSERT INTO `city` VALUES (793, '法库县', 73, 2);
INSERT INTO `city` VALUES (794, '新民市', 73, 2);
INSERT INTO `city` VALUES (795, '中山区', 74, 2);
INSERT INTO `city` VALUES (796, '西岗区', 74, 2);
INSERT INTO `city` VALUES (797, '沙河口区', 74, 2);
INSERT INTO `city` VALUES (798, '甘井子区', 74, 2);
INSERT INTO `city` VALUES (799, '旅顺口区', 74, 2);
INSERT INTO `city` VALUES (800, '金州区', 74, 2);
INSERT INTO `city` VALUES (801, '长海县', 74, 2);
INSERT INTO `city` VALUES (802, '瓦房店市', 74, 2);
INSERT INTO `city` VALUES (803, '普兰店市', 74, 2);
INSERT INTO `city` VALUES (804, '庄河市', 74, 2);
INSERT INTO `city` VALUES (805, '铁东区', 75, 2);
INSERT INTO `city` VALUES (806, '立山区', 75, 2);
INSERT INTO `city` VALUES (807, '千山区', 75, 2);
INSERT INTO `city` VALUES (808, '台安县', 75, 2);
INSERT INTO `city` VALUES (809, '岫岩满族自治县', 75, 2);
INSERT INTO `city` VALUES (810, '海城市', 75, 2);
INSERT INTO `city` VALUES (811, '新抚区', 76, 2);
INSERT INTO `city` VALUES (812, '东洲区', 76, 2);
INSERT INTO `city` VALUES (813, '望花区', 76, 2);
INSERT INTO `city` VALUES (814, '顺城区', 76, 2);
INSERT INTO `city` VALUES (815, '抚顺县', 76, 2);
INSERT INTO `city` VALUES (816, '新宾满族自治县', 76, 2);
INSERT INTO `city` VALUES (817, '清原满族自治县', 76, 2);
INSERT INTO `city` VALUES (818, '平山区', 77, 2);
INSERT INTO `city` VALUES (819, '溪湖区', 77, 2);
INSERT INTO `city` VALUES (820, '明山区', 77, 2);
INSERT INTO `city` VALUES (821, '南芬区', 77, 2);
INSERT INTO `city` VALUES (822, '本溪满族自治县', 77, 2);
INSERT INTO `city` VALUES (823, '桓仁满族自治县', 77, 2);
INSERT INTO `city` VALUES (824, '元宝区', 78, 2);
INSERT INTO `city` VALUES (825, '振兴区', 78, 2);
INSERT INTO `city` VALUES (826, '振安区', 78, 2);
INSERT INTO `city` VALUES (827, '宽甸满族自治县', 78, 2);
INSERT INTO `city` VALUES (828, '东港市', 78, 2);
INSERT INTO `city` VALUES (829, '凤城市', 78, 2);
INSERT INTO `city` VALUES (830, '古塔区', 79, 2);
INSERT INTO `city` VALUES (831, '凌河区', 79, 2);
INSERT INTO `city` VALUES (832, '太和区', 79, 2);
INSERT INTO `city` VALUES (833, '黑山县', 79, 2);
INSERT INTO `city` VALUES (834, '义县', 79, 2);
INSERT INTO `city` VALUES (835, '凌海市', 79, 2);
INSERT INTO `city` VALUES (836, '北镇市', 79, 2);
INSERT INTO `city` VALUES (837, '站前区', 80, 2);
INSERT INTO `city` VALUES (838, '西市区', 80, 2);
INSERT INTO `city` VALUES (839, '鲅鱼圈区', 80, 2);
INSERT INTO `city` VALUES (840, '老边区', 80, 2);
INSERT INTO `city` VALUES (841, '盖州市', 80, 2);
INSERT INTO `city` VALUES (842, '大石桥市', 80, 2);
INSERT INTO `city` VALUES (843, '海州区', 81, 2);
INSERT INTO `city` VALUES (844, '新邱区', 81, 2);
INSERT INTO `city` VALUES (845, '太平区', 81, 2);
INSERT INTO `city` VALUES (846, '清河门区', 81, 2);
INSERT INTO `city` VALUES (847, '细河区', 81, 2);
INSERT INTO `city` VALUES (848, '阜新蒙古族自治县', 81, 2);
INSERT INTO `city` VALUES (849, '彰武县', 81, 2);
INSERT INTO `city` VALUES (850, '白塔区', 82, 2);
INSERT INTO `city` VALUES (851, '文圣区', 82, 2);
INSERT INTO `city` VALUES (852, '宏伟区', 82, 2);
INSERT INTO `city` VALUES (853, '弓长岭区', 82, 2);
INSERT INTO `city` VALUES (854, '太子河区', 82, 2);
INSERT INTO `city` VALUES (855, '辽阳县', 82, 2);
INSERT INTO `city` VALUES (856, '灯塔市', 82, 2);
INSERT INTO `city` VALUES (858, '双台子区', 83, 2);
INSERT INTO `city` VALUES (859, '兴隆台区', 83, 2);
INSERT INTO `city` VALUES (860, '大洼县', 83, 2);
INSERT INTO `city` VALUES (861, '盘山县', 83, 2);
INSERT INTO `city` VALUES (862, '银州区', 84, 2);
INSERT INTO `city` VALUES (863, '清河区', 84, 2);
INSERT INTO `city` VALUES (864, '铁岭县', 84, 2);
INSERT INTO `city` VALUES (865, '西丰县', 84, 2);
INSERT INTO `city` VALUES (866, '昌图县', 84, 2);
INSERT INTO `city` VALUES (867, '调兵山市', 84, 2);
INSERT INTO `city` VALUES (868, '开原市', 84, 2);
INSERT INTO `city` VALUES (869, '双塔区', 85, 2);
INSERT INTO `city` VALUES (870, '龙城区', 85, 2);
INSERT INTO `city` VALUES (871, '朝阳县', 85, 2);
INSERT INTO `city` VALUES (872, '建平县', 85, 2);
INSERT INTO `city` VALUES (873, '喀喇沁左翼蒙古族自治县', 85, 2);
INSERT INTO `city` VALUES (874, '北票市', 85, 2);
INSERT INTO `city` VALUES (875, '凌源市', 85, 2);
INSERT INTO `city` VALUES (876, '连山区', 86, 2);
INSERT INTO `city` VALUES (877, '龙港区', 86, 2);
INSERT INTO `city` VALUES (878, '南票区', 86, 2);
INSERT INTO `city` VALUES (879, '绥中县', 86, 2);
INSERT INTO `city` VALUES (880, '建昌县', 86, 2);
INSERT INTO `city` VALUES (881, '兴城市', 86, 2);
INSERT INTO `city` VALUES (882, '南关区', 87, 2);
INSERT INTO `city` VALUES (883, '宽城区', 87, 2);
INSERT INTO `city` VALUES (884, '二道区', 87, 2);
INSERT INTO `city` VALUES (885, '绿园区', 87, 2);
INSERT INTO `city` VALUES (886, '双阳区', 87, 2);
INSERT INTO `city` VALUES (887, '九台区', 87, 2);
INSERT INTO `city` VALUES (888, '农安县', 87, 2);
INSERT INTO `city` VALUES (889, '榆树市', 87, 2);
INSERT INTO `city` VALUES (890, '德惠市', 87, 2);
INSERT INTO `city` VALUES (891, '昌邑区', 88, 2);
INSERT INTO `city` VALUES (892, '龙潭区', 88, 2);
INSERT INTO `city` VALUES (893, '船营区', 88, 2);
INSERT INTO `city` VALUES (894, '丰满区', 88, 2);
INSERT INTO `city` VALUES (895, '永吉县', 88, 2);
INSERT INTO `city` VALUES (896, '蛟河市', 88, 2);
INSERT INTO `city` VALUES (897, '桦甸市', 88, 2);
INSERT INTO `city` VALUES (898, '舒兰市', 88, 2);
INSERT INTO `city` VALUES (899, '磐石市', 88, 2);
INSERT INTO `city` VALUES (900, '梨树县', 89, 2);
INSERT INTO `city` VALUES (901, '伊通满族自治县', 89, 2);
INSERT INTO `city` VALUES (902, '公主岭市', 89, 2);
INSERT INTO `city` VALUES (903, '双辽市', 89, 2);
INSERT INTO `city` VALUES (904, '龙山区', 90, 2);
INSERT INTO `city` VALUES (905, '西安区', 90, 2);
INSERT INTO `city` VALUES (906, '东丰县', 90, 2);
INSERT INTO `city` VALUES (907, '东辽县', 90, 2);
INSERT INTO `city` VALUES (908, '东昌区', 91, 2);
INSERT INTO `city` VALUES (909, '二道江区', 91, 2);
INSERT INTO `city` VALUES (910, '通化县', 91, 2);
INSERT INTO `city` VALUES (911, '辉南县', 91, 2);
INSERT INTO `city` VALUES (912, '柳河县', 91, 2);
INSERT INTO `city` VALUES (913, '梅河口市', 91, 2);
INSERT INTO `city` VALUES (914, '集安市', 91, 2);
INSERT INTO `city` VALUES (915, '浑江区', 92, 2);
INSERT INTO `city` VALUES (916, '江源区', 92, 2);
INSERT INTO `city` VALUES (917, '抚松县', 92, 2);
INSERT INTO `city` VALUES (918, '靖宇县', 92, 2);
INSERT INTO `city` VALUES (919, '长白朝鲜族自治县', 92, 2);
INSERT INTO `city` VALUES (920, '临江市', 92, 2);
INSERT INTO `city` VALUES (921, '宁江区', 93, 2);
INSERT INTO `city` VALUES (922, '前郭尔罗斯蒙古族自治县', 93, 2);
INSERT INTO `city` VALUES (923, '长岭县', 93, 2);
INSERT INTO `city` VALUES (924, '乾安县', 93, 2);
INSERT INTO `city` VALUES (925, '扶余市', 93, 2);
INSERT INTO `city` VALUES (926, '洮北区', 94, 2);
INSERT INTO `city` VALUES (927, '镇赉县', 94, 2);
INSERT INTO `city` VALUES (928, '通榆县', 94, 2);
INSERT INTO `city` VALUES (929, '洮南市', 94, 2);
INSERT INTO `city` VALUES (930, '大安市', 94, 2);
INSERT INTO `city` VALUES (931, '延吉市', 95, 2);
INSERT INTO `city` VALUES (932, '图们市', 95, 2);
INSERT INTO `city` VALUES (933, '敦化市', 95, 2);
INSERT INTO `city` VALUES (934, '珲春市', 95, 2);
INSERT INTO `city` VALUES (935, '龙井市', 95, 2);
INSERT INTO `city` VALUES (936, '和龙市', 95, 2);
INSERT INTO `city` VALUES (937, '汪清县', 95, 2);
INSERT INTO `city` VALUES (938, '安图县', 95, 2);
INSERT INTO `city` VALUES (939, '道里区', 96, 2);
INSERT INTO `city` VALUES (940, '南岗区', 96, 2);
INSERT INTO `city` VALUES (941, '道外区', 96, 2);
INSERT INTO `city` VALUES (942, '平房区', 96, 2);
INSERT INTO `city` VALUES (943, '松北区', 96, 2);
INSERT INTO `city` VALUES (944, '香坊区', 96, 2);
INSERT INTO `city` VALUES (945, '呼兰区', 96, 2);
INSERT INTO `city` VALUES (946, '阿城区', 96, 2);
INSERT INTO `city` VALUES (947, '依兰县', 96, 2);
INSERT INTO `city` VALUES (948, '方正县', 96, 2);
INSERT INTO `city` VALUES (949, '宾县', 96, 2);
INSERT INTO `city` VALUES (950, '巴彦县', 96, 2);
INSERT INTO `city` VALUES (951, '木兰县', 96, 2);
INSERT INTO `city` VALUES (952, '通河县', 96, 2);
INSERT INTO `city` VALUES (953, '延寿县', 96, 2);
INSERT INTO `city` VALUES (954, '双城市', 96, 2);
INSERT INTO `city` VALUES (955, '尚志市', 96, 2);
INSERT INTO `city` VALUES (956, '五常市', 96, 2);
INSERT INTO `city` VALUES (957, '龙沙区', 97, 2);
INSERT INTO `city` VALUES (958, '建华区', 97, 2);
INSERT INTO `city` VALUES (959, '铁锋区', 97, 2);
INSERT INTO `city` VALUES (960, '昂昂溪区', 97, 2);
INSERT INTO `city` VALUES (961, '富拉尔基区', 97, 2);
INSERT INTO `city` VALUES (962, '碾子山区', 97, 2);
INSERT INTO `city` VALUES (963, '梅里斯达斡尔族区', 97, 2);
INSERT INTO `city` VALUES (964, '龙江县', 97, 2);
INSERT INTO `city` VALUES (965, '依安县', 97, 2);
INSERT INTO `city` VALUES (966, '泰来县', 97, 2);
INSERT INTO `city` VALUES (967, '甘南县', 97, 2);
INSERT INTO `city` VALUES (968, '富裕县', 97, 2);
INSERT INTO `city` VALUES (969, '克山县', 97, 2);
INSERT INTO `city` VALUES (970, '克东县', 97, 2);
INSERT INTO `city` VALUES (971, '拜泉县', 97, 2);
INSERT INTO `city` VALUES (972, '讷河市', 97, 2);
INSERT INTO `city` VALUES (973, '鸡冠区', 98, 2);
INSERT INTO `city` VALUES (974, '恒山区', 98, 2);
INSERT INTO `city` VALUES (975, '滴道区', 98, 2);
INSERT INTO `city` VALUES (976, '梨树区', 98, 2);
INSERT INTO `city` VALUES (977, '城子河区', 98, 2);
INSERT INTO `city` VALUES (978, '麻山区', 98, 2);
INSERT INTO `city` VALUES (979, '鸡东县', 98, 2);
INSERT INTO `city` VALUES (980, '虎林市', 98, 2);
INSERT INTO `city` VALUES (981, '密山市', 98, 2);
INSERT INTO `city` VALUES (982, '向阳区', 99, 2);
INSERT INTO `city` VALUES (983, '工农区', 99, 2);
INSERT INTO `city` VALUES (984, '南山区', 99, 2);
INSERT INTO `city` VALUES (985, '兴安区', 99, 2);
INSERT INTO `city` VALUES (986, '东山区', 99, 2);
INSERT INTO `city` VALUES (987, '兴山区', 99, 2);
INSERT INTO `city` VALUES (988, '萝北县', 99, 2);
INSERT INTO `city` VALUES (989, '绥滨县', 99, 2);
INSERT INTO `city` VALUES (990, '尖山区', 100, 2);
INSERT INTO `city` VALUES (991, '岭东区', 100, 2);
INSERT INTO `city` VALUES (992, '四方台区', 100, 2);
INSERT INTO `city` VALUES (993, '宝山区', 100, 2);
INSERT INTO `city` VALUES (994, '集贤县', 100, 2);
INSERT INTO `city` VALUES (995, '友谊县', 100, 2);
INSERT INTO `city` VALUES (996, '宝清县', 100, 2);
INSERT INTO `city` VALUES (997, '饶河县', 100, 2);
INSERT INTO `city` VALUES (998, '萨尔图区', 101, 2);
INSERT INTO `city` VALUES (999, '龙凤区', 101, 2);
INSERT INTO `city` VALUES (1000, '让胡路区', 101, 2);
INSERT INTO `city` VALUES (1001, '红岗区', 101, 2);
INSERT INTO `city` VALUES (1002, '大同区', 101, 2);
INSERT INTO `city` VALUES (1003, '肇州县', 101, 2);
INSERT INTO `city` VALUES (1004, '肇源县', 101, 2);
INSERT INTO `city` VALUES (1005, '林甸县', 101, 2);
INSERT INTO `city` VALUES (1006, '杜尔伯特蒙古族自治县', 101, 2);
INSERT INTO `city` VALUES (1007, '伊春区', 102, 2);
INSERT INTO `city` VALUES (1008, '南岔区', 102, 2);
INSERT INTO `city` VALUES (1009, '友好区', 102, 2);
INSERT INTO `city` VALUES (1010, '西林区', 102, 2);
INSERT INTO `city` VALUES (1011, '翠峦区', 102, 2);
INSERT INTO `city` VALUES (1012, '新青区', 102, 2);
INSERT INTO `city` VALUES (1013, '美溪区', 102, 2);
INSERT INTO `city` VALUES (1014, '金山屯区', 102, 2);
INSERT INTO `city` VALUES (1015, '五营区', 102, 2);
INSERT INTO `city` VALUES (1016, '乌马河区', 102, 2);
INSERT INTO `city` VALUES (1017, '汤旺河区', 102, 2);
INSERT INTO `city` VALUES (1018, '带岭区', 102, 2);
INSERT INTO `city` VALUES (1019, '乌伊岭区', 102, 2);
INSERT INTO `city` VALUES (1020, '红星区', 102, 2);
INSERT INTO `city` VALUES (1021, '上甘岭区', 102, 2);
INSERT INTO `city` VALUES (1022, '嘉荫县', 102, 2);
INSERT INTO `city` VALUES (1023, '铁力市', 102, 2);
INSERT INTO `city` VALUES (1024, '前进区', 103, 2);
INSERT INTO `city` VALUES (1025, '东风区', 103, 2);
INSERT INTO `city` VALUES (1026, '桦南县', 103, 2);
INSERT INTO `city` VALUES (1027, '桦川县', 103, 2);
INSERT INTO `city` VALUES (1028, '汤原县', 103, 2);
INSERT INTO `city` VALUES (1029, '抚远县', 103, 2);
INSERT INTO `city` VALUES (1030, '同江市', 103, 2);
INSERT INTO `city` VALUES (1031, '富锦市', 103, 2);
INSERT INTO `city` VALUES (1032, '新兴区', 104, 2);
INSERT INTO `city` VALUES (1033, '桃山区', 104, 2);
INSERT INTO `city` VALUES (1034, '茄子河区', 104, 2);
INSERT INTO `city` VALUES (1035, '勃利县', 104, 2);
INSERT INTO `city` VALUES (1036, '东安区', 105, 2);
INSERT INTO `city` VALUES (1037, '阳明区', 105, 2);
INSERT INTO `city` VALUES (1038, '爱民区', 105, 2);
INSERT INTO `city` VALUES (1039, '东宁县', 105, 2);
INSERT INTO `city` VALUES (1040, '林口县', 105, 2);
INSERT INTO `city` VALUES (1041, '绥芬河市', 105, 2);
INSERT INTO `city` VALUES (1042, '海林市', 105, 2);
INSERT INTO `city` VALUES (1043, '宁安市', 105, 2);
INSERT INTO `city` VALUES (1044, '穆棱市', 105, 2);
INSERT INTO `city` VALUES (1045, '爱辉区', 106, 2);
INSERT INTO `city` VALUES (1046, '嫩江县', 106, 2);
INSERT INTO `city` VALUES (1047, '逊克县', 106, 2);
INSERT INTO `city` VALUES (1048, '孙吴县', 106, 2);
INSERT INTO `city` VALUES (1049, '北安市', 106, 2);
INSERT INTO `city` VALUES (1050, '五大连池市', 106, 2);
INSERT INTO `city` VALUES (1051, '北林区', 107, 2);
INSERT INTO `city` VALUES (1052, '望奎县', 107, 2);
INSERT INTO `city` VALUES (1053, '兰西县', 107, 2);
INSERT INTO `city` VALUES (1054, '青冈县', 107, 2);
INSERT INTO `city` VALUES (1055, '庆安县', 107, 2);
INSERT INTO `city` VALUES (1056, '明水县', 107, 2);
INSERT INTO `city` VALUES (1057, '绥棱县', 107, 2);
INSERT INTO `city` VALUES (1058, '安达市', 107, 2);
INSERT INTO `city` VALUES (1059, '肇东市', 107, 2);
INSERT INTO `city` VALUES (1060, '海伦市', 107, 2);
INSERT INTO `city` VALUES (1061, '呼玛县', 108, 2);
INSERT INTO `city` VALUES (1062, '塔河县', 108, 2);
INSERT INTO `city` VALUES (1063, '漠河县', 108, 2);
INSERT INTO `city` VALUES (1064, '黄浦区', 109, 2);
INSERT INTO `city` VALUES (1065, '徐汇区', 109, 2);
INSERT INTO `city` VALUES (1066, '长宁区', 109, 2);
INSERT INTO `city` VALUES (1067, '静安区', 109, 2);
INSERT INTO `city` VALUES (1068, '普陀区', 109, 2);
INSERT INTO `city` VALUES (1069, '闸北区', 109, 2);
INSERT INTO `city` VALUES (1070, '虹口区', 109, 2);
INSERT INTO `city` VALUES (1071, '杨浦区', 109, 2);
INSERT INTO `city` VALUES (1072, '闵行区', 109, 2);
INSERT INTO `city` VALUES (1073, '嘉定区', 109, 2);
INSERT INTO `city` VALUES (1074, '浦东新区', 109, 2);
INSERT INTO `city` VALUES (1075, '金山区', 109, 2);
INSERT INTO `city` VALUES (1076, '松江区', 109, 2);
INSERT INTO `city` VALUES (1077, '青浦区', 109, 2);
INSERT INTO `city` VALUES (1078, '奉贤区', 109, 2);
INSERT INTO `city` VALUES (1079, '崇明县', 110, 2);
INSERT INTO `city` VALUES (1080, '玄武区', 111, 2);
INSERT INTO `city` VALUES (1081, '秦淮区', 111, 2);
INSERT INTO `city` VALUES (1082, '建邺区', 111, 2);
INSERT INTO `city` VALUES (1083, '鼓楼区', 111, 2);
INSERT INTO `city` VALUES (1084, '浦口区', 111, 2);
INSERT INTO `city` VALUES (1085, '栖霞区', 111, 2);
INSERT INTO `city` VALUES (1086, '雨花台区', 111, 2);
INSERT INTO `city` VALUES (1087, '江宁区', 111, 2);
INSERT INTO `city` VALUES (1088, '六合区', 111, 2);
INSERT INTO `city` VALUES (1089, '溧水区', 111, 2);
INSERT INTO `city` VALUES (1090, '高淳区', 111, 2);
INSERT INTO `city` VALUES (1091, '崇安区', 112, 2);
INSERT INTO `city` VALUES (1092, '南长区', 112, 2);
INSERT INTO `city` VALUES (1093, '北塘区', 112, 2);
INSERT INTO `city` VALUES (1094, '锡山区', 112, 2);
INSERT INTO `city` VALUES (1095, '惠山区', 112, 2);
INSERT INTO `city` VALUES (1096, '滨湖区', 112, 2);
INSERT INTO `city` VALUES (1097, '江阴市', 112, 2);
INSERT INTO `city` VALUES (1098, '宜兴市', 112, 2);
INSERT INTO `city` VALUES (1099, '云龙区', 113, 2);
INSERT INTO `city` VALUES (1100, '贾汪区', 113, 2);
INSERT INTO `city` VALUES (1101, '泉山区', 113, 2);
INSERT INTO `city` VALUES (1102, '铜山区', 113, 2);
INSERT INTO `city` VALUES (1103, '丰县', 113, 2);
INSERT INTO `city` VALUES (1104, '沛县', 113, 2);
INSERT INTO `city` VALUES (1105, '睢宁县', 113, 2);
INSERT INTO `city` VALUES (1106, '新沂市', 113, 2);
INSERT INTO `city` VALUES (1107, '邳州市', 113, 2);
INSERT INTO `city` VALUES (1108, '天宁区', 114, 2);
INSERT INTO `city` VALUES (1109, '钟楼区', 114, 2);
INSERT INTO `city` VALUES (1110, '戚墅堰区', 114, 2);
INSERT INTO `city` VALUES (1111, '新北区', 114, 2);
INSERT INTO `city` VALUES (1112, '武进区', 114, 2);
INSERT INTO `city` VALUES (1113, '溧阳市', 114, 2);
INSERT INTO `city` VALUES (1114, '金坛市', 114, 2);
INSERT INTO `city` VALUES (1115, '虎丘区', 115, 2);
INSERT INTO `city` VALUES (1116, '吴中区', 115, 2);
INSERT INTO `city` VALUES (1117, '相城区', 115, 2);
INSERT INTO `city` VALUES (1118, '姑苏区', 115, 2);
INSERT INTO `city` VALUES (1119, '吴江区', 115, 2);
INSERT INTO `city` VALUES (1120, '常熟市', 115, 2);
INSERT INTO `city` VALUES (1121, '张家港市', 115, 2);
INSERT INTO `city` VALUES (1122, '昆山市', 115, 2);
INSERT INTO `city` VALUES (1123, '太仓市', 115, 2);
INSERT INTO `city` VALUES (1124, '崇川区', 116, 2);
INSERT INTO `city` VALUES (1125, '港闸区', 116, 2);
INSERT INTO `city` VALUES (1126, '通州区', 116, 2);
INSERT INTO `city` VALUES (1127, '海安县', 116, 2);
INSERT INTO `city` VALUES (1128, '如东县', 116, 2);
INSERT INTO `city` VALUES (1129, '启东市', 116, 2);
INSERT INTO `city` VALUES (1130, '如皋市', 116, 2);
INSERT INTO `city` VALUES (1131, '海门市', 116, 2);
INSERT INTO `city` VALUES (1132, '连云区', 117, 2);
INSERT INTO `city` VALUES (1133, '赣榆区', 117, 2);
INSERT INTO `city` VALUES (1134, '东海县', 117, 2);
INSERT INTO `city` VALUES (1135, '灌云县', 117, 2);
INSERT INTO `city` VALUES (1136, '灌南县', 117, 2);
INSERT INTO `city` VALUES (1137, '淮安区', 118, 2);
INSERT INTO `city` VALUES (1138, '淮阴区', 118, 2);
INSERT INTO `city` VALUES (1139, '清浦区', 118, 2);
INSERT INTO `city` VALUES (1140, '涟水县', 118, 2);
INSERT INTO `city` VALUES (1141, '洪泽县', 118, 2);
INSERT INTO `city` VALUES (1142, '盱眙县', 118, 2);
INSERT INTO `city` VALUES (1143, '金湖县', 118, 2);
INSERT INTO `city` VALUES (1144, '亭湖区', 119, 2);
INSERT INTO `city` VALUES (1145, '盐都区', 119, 2);
INSERT INTO `city` VALUES (1146, '响水县', 119, 2);
INSERT INTO `city` VALUES (1147, '滨海县', 119, 2);
INSERT INTO `city` VALUES (1148, '阜宁县', 119, 2);
INSERT INTO `city` VALUES (1149, '射阳县', 119, 2);
INSERT INTO `city` VALUES (1150, '建湖县', 119, 2);
INSERT INTO `city` VALUES (1151, '东台市', 119, 2);
INSERT INTO `city` VALUES (1152, '大丰市', 119, 2);
INSERT INTO `city` VALUES (1153, '广陵区', 120, 2);
INSERT INTO `city` VALUES (1154, '邗江区', 120, 2);
INSERT INTO `city` VALUES (1155, '江都区', 120, 2);
INSERT INTO `city` VALUES (1156, '宝应县', 120, 2);
INSERT INTO `city` VALUES (1157, '仪征市', 120, 2);
INSERT INTO `city` VALUES (1158, '高邮市', 120, 2);
INSERT INTO `city` VALUES (1159, '京口区', 121, 2);
INSERT INTO `city` VALUES (1160, '润州区', 121, 2);
INSERT INTO `city` VALUES (1161, '丹徒区', 121, 2);
INSERT INTO `city` VALUES (1162, '丹阳市', 121, 2);
INSERT INTO `city` VALUES (1163, '扬中市', 121, 2);
INSERT INTO `city` VALUES (1164, '句容市', 121, 2);
INSERT INTO `city` VALUES (1165, '海陵区', 122, 2);
INSERT INTO `city` VALUES (1166, '高港区', 122, 2);
INSERT INTO `city` VALUES (1167, '姜堰区', 122, 2);
INSERT INTO `city` VALUES (1168, '兴化市', 122, 2);
INSERT INTO `city` VALUES (1169, '靖江市', 122, 2);
INSERT INTO `city` VALUES (1170, '泰兴市', 122, 2);
INSERT INTO `city` VALUES (1171, '宿城区', 123, 2);
INSERT INTO `city` VALUES (1172, '宿豫区', 123, 2);
INSERT INTO `city` VALUES (1173, '沭阳县', 123, 2);
INSERT INTO `city` VALUES (1174, '泗阳县', 123, 2);
INSERT INTO `city` VALUES (1175, '泗洪县', 123, 2);
INSERT INTO `city` VALUES (1176, '上城区', 124, 2);
INSERT INTO `city` VALUES (1177, '下城区', 124, 2);
INSERT INTO `city` VALUES (1178, '江干区', 124, 2);
INSERT INTO `city` VALUES (1179, '拱墅区', 124, 2);
INSERT INTO `city` VALUES (1180, '西湖区', 124, 2);
INSERT INTO `city` VALUES (1181, '滨江区', 124, 2);
INSERT INTO `city` VALUES (1182, '萧山区', 124, 2);
INSERT INTO `city` VALUES (1183, '余杭区', 124, 2);
INSERT INTO `city` VALUES (1184, '桐庐县', 124, 2);
INSERT INTO `city` VALUES (1185, '淳安县', 124, 2);
INSERT INTO `city` VALUES (1186, '建德市', 124, 2);
INSERT INTO `city` VALUES (1187, '富阳市', 124, 2);
INSERT INTO `city` VALUES (1188, '临安市', 124, 2);
INSERT INTO `city` VALUES (1189, '海曙区', 125, 2);
INSERT INTO `city` VALUES (1190, '江东区', 125, 2);
INSERT INTO `city` VALUES (1191, '江北区', 125, 2);
INSERT INTO `city` VALUES (1192, '北仑区', 125, 2);
INSERT INTO `city` VALUES (1193, '镇海区', 125, 2);
INSERT INTO `city` VALUES (1194, '鄞州区', 125, 2);
INSERT INTO `city` VALUES (1195, '象山县', 125, 2);
INSERT INTO `city` VALUES (1196, '宁海县', 125, 2);
INSERT INTO `city` VALUES (1197, '余姚市', 125, 2);
INSERT INTO `city` VALUES (1198, '慈溪市', 125, 2);
INSERT INTO `city` VALUES (1199, '奉化市', 125, 2);
INSERT INTO `city` VALUES (1200, '鹿城区', 126, 2);
INSERT INTO `city` VALUES (1201, '龙湾区', 126, 2);
INSERT INTO `city` VALUES (1202, '瓯海区', 126, 2);
INSERT INTO `city` VALUES (1203, '洞头县', 126, 2);
INSERT INTO `city` VALUES (1204, '永嘉县', 126, 2);
INSERT INTO `city` VALUES (1205, '平阳县', 126, 2);
INSERT INTO `city` VALUES (1206, '苍南县', 126, 2);
INSERT INTO `city` VALUES (1207, '文成县', 126, 2);
INSERT INTO `city` VALUES (1208, '泰顺县', 126, 2);
INSERT INTO `city` VALUES (1209, '瑞安市', 126, 2);
INSERT INTO `city` VALUES (1210, '乐清市', 126, 2);
INSERT INTO `city` VALUES (1211, '南湖区', 127, 2);
INSERT INTO `city` VALUES (1212, '秀洲区', 127, 2);
INSERT INTO `city` VALUES (1213, '嘉善县', 127, 2);
INSERT INTO `city` VALUES (1214, '海盐县', 127, 2);
INSERT INTO `city` VALUES (1215, '海宁市', 127, 2);
INSERT INTO `city` VALUES (1216, '平湖市', 127, 2);
INSERT INTO `city` VALUES (1217, '桐乡市', 127, 2);
INSERT INTO `city` VALUES (1218, '吴兴区', 128, 2);
INSERT INTO `city` VALUES (1219, '南浔区', 128, 2);
INSERT INTO `city` VALUES (1220, '德清县', 128, 2);
INSERT INTO `city` VALUES (1221, '长兴县', 128, 2);
INSERT INTO `city` VALUES (1222, '安吉县', 128, 2);
INSERT INTO `city` VALUES (1223, '越城区', 129, 2);
INSERT INTO `city` VALUES (1224, '柯桥区', 129, 2);
INSERT INTO `city` VALUES (1225, '上虞区', 129, 2);
INSERT INTO `city` VALUES (1226, '新昌县', 129, 2);
INSERT INTO `city` VALUES (1227, '诸暨市', 129, 2);
INSERT INTO `city` VALUES (1228, '嵊州市', 129, 2);
INSERT INTO `city` VALUES (1229, '婺城区', 130, 2);
INSERT INTO `city` VALUES (1230, '金东区', 130, 2);
INSERT INTO `city` VALUES (1231, '武义县', 130, 2);
INSERT INTO `city` VALUES (1232, '浦江县', 130, 2);
INSERT INTO `city` VALUES (1233, '磐安县', 130, 2);
INSERT INTO `city` VALUES (1234, '兰溪市', 130, 2);
INSERT INTO `city` VALUES (1235, '义乌市', 130, 2);
INSERT INTO `city` VALUES (1236, '东阳市', 130, 2);
INSERT INTO `city` VALUES (1237, '永康市', 130, 2);
INSERT INTO `city` VALUES (1238, '柯城区', 131, 2);
INSERT INTO `city` VALUES (1239, '衢江区', 131, 2);
INSERT INTO `city` VALUES (1240, '常山县', 131, 2);
INSERT INTO `city` VALUES (1241, '开化县', 131, 2);
INSERT INTO `city` VALUES (1242, '龙游县', 131, 2);
INSERT INTO `city` VALUES (1243, '江山市', 131, 2);
INSERT INTO `city` VALUES (1244, '定海区', 132, 2);
INSERT INTO `city` VALUES (1245, '岱山县', 132, 2);
INSERT INTO `city` VALUES (1246, '嵊泗县', 132, 2);
INSERT INTO `city` VALUES (1247, '椒江区', 133, 2);
INSERT INTO `city` VALUES (1248, '黄岩区', 133, 2);
INSERT INTO `city` VALUES (1249, '路桥区', 133, 2);
INSERT INTO `city` VALUES (1250, '玉环县', 133, 2);
INSERT INTO `city` VALUES (1251, '三门县', 133, 2);
INSERT INTO `city` VALUES (1252, '天台县', 133, 2);
INSERT INTO `city` VALUES (1253, '仙居县', 133, 2);
INSERT INTO `city` VALUES (1254, '温岭市', 133, 2);
INSERT INTO `city` VALUES (1255, '临海市', 133, 2);
INSERT INTO `city` VALUES (1256, '莲都区', 134, 2);
INSERT INTO `city` VALUES (1257, '青田县', 134, 2);
INSERT INTO `city` VALUES (1258, '缙云县', 134, 2);
INSERT INTO `city` VALUES (1259, '遂昌县', 134, 2);
INSERT INTO `city` VALUES (1260, '松阳县', 134, 2);
INSERT INTO `city` VALUES (1261, '云和县', 134, 2);
INSERT INTO `city` VALUES (1262, '庆元县', 134, 2);
INSERT INTO `city` VALUES (1263, '景宁畲族自治县', 134, 2);
INSERT INTO `city` VALUES (1264, '龙泉市', 134, 2);
INSERT INTO `city` VALUES (1265, '瑶海区', 135, 2);
INSERT INTO `city` VALUES (1266, '庐阳区', 135, 2);
INSERT INTO `city` VALUES (1267, '蜀山区', 135, 2);
INSERT INTO `city` VALUES (1268, '包河区', 135, 2);
INSERT INTO `city` VALUES (1269, '长丰县', 135, 2);
INSERT INTO `city` VALUES (1270, '肥东县', 135, 2);
INSERT INTO `city` VALUES (1271, '肥西县', 135, 2);
INSERT INTO `city` VALUES (1272, '庐江县', 135, 2);
INSERT INTO `city` VALUES (1273, '巢湖市', 135, 2);
INSERT INTO `city` VALUES (1274, '镜湖区', 136, 2);
INSERT INTO `city` VALUES (1275, '弋江区', 136, 2);
INSERT INTO `city` VALUES (1276, '鸠江区', 136, 2);
INSERT INTO `city` VALUES (1277, '三山区', 136, 2);
INSERT INTO `city` VALUES (1278, '芜湖县', 136, 2);
INSERT INTO `city` VALUES (1279, '繁昌县', 136, 2);
INSERT INTO `city` VALUES (1280, '南陵县', 136, 2);
INSERT INTO `city` VALUES (1281, '无为县', 136, 2);
INSERT INTO `city` VALUES (1282, '龙子湖区', 137, 2);
INSERT INTO `city` VALUES (1283, '蚌山区', 137, 2);
INSERT INTO `city` VALUES (1284, '禹会区', 137, 2);
INSERT INTO `city` VALUES (1285, '淮上区', 137, 2);
INSERT INTO `city` VALUES (1286, '怀远县', 137, 2);
INSERT INTO `city` VALUES (1287, '五河县', 137, 2);
INSERT INTO `city` VALUES (1288, '固镇县', 137, 2);
INSERT INTO `city` VALUES (1289, '大通区', 138, 2);
INSERT INTO `city` VALUES (1290, '田家庵区', 138, 2);
INSERT INTO `city` VALUES (1291, '谢家集区', 138, 2);
INSERT INTO `city` VALUES (1292, '八公山区', 138, 2);
INSERT INTO `city` VALUES (1293, '潘集区', 138, 2);
INSERT INTO `city` VALUES (1294, '凤台县', 138, 2);
INSERT INTO `city` VALUES (1295, '花山区', 139, 2);
INSERT INTO `city` VALUES (1296, '雨山区', 139, 2);
INSERT INTO `city` VALUES (1297, '博望区', 139, 2);
INSERT INTO `city` VALUES (1298, '当涂县', 139, 2);
INSERT INTO `city` VALUES (1299, '含山县', 139, 2);
INSERT INTO `city` VALUES (1300, '和县', 139, 2);
INSERT INTO `city` VALUES (1301, '杜集区', 140, 2);
INSERT INTO `city` VALUES (1302, '相山区', 140, 2);
INSERT INTO `city` VALUES (1303, '烈山区', 140, 2);
INSERT INTO `city` VALUES (1304, '濉溪县', 140, 2);
INSERT INTO `city` VALUES (1305, '铜官山区', 141, 2);
INSERT INTO `city` VALUES (1306, '狮子山区', 141, 2);
INSERT INTO `city` VALUES (1307, '铜陵县', 141, 2);
INSERT INTO `city` VALUES (1308, '迎江区', 142, 2);
INSERT INTO `city` VALUES (1309, '大观区', 142, 2);
INSERT INTO `city` VALUES (1310, '宜秀区', 142, 2);
INSERT INTO `city` VALUES (1311, '怀宁县', 142, 2);
INSERT INTO `city` VALUES (1312, '枞阳县', 142, 2);
INSERT INTO `city` VALUES (1313, '潜山县', 142, 2);
INSERT INTO `city` VALUES (1314, '太湖县', 142, 2);
INSERT INTO `city` VALUES (1315, '宿松县', 142, 2);
INSERT INTO `city` VALUES (1316, '望江县', 142, 2);
INSERT INTO `city` VALUES (1317, '岳西县', 142, 2);
INSERT INTO `city` VALUES (1318, '桐城市', 142, 2);
INSERT INTO `city` VALUES (1319, '屯溪区', 143, 2);
INSERT INTO `city` VALUES (1320, '黄山区', 143, 2);
INSERT INTO `city` VALUES (1321, '徽州区', 143, 2);
INSERT INTO `city` VALUES (1322, '歙县', 143, 2);
INSERT INTO `city` VALUES (1323, '休宁县', 143, 2);
INSERT INTO `city` VALUES (1324, '黟县', 143, 2);
INSERT INTO `city` VALUES (1325, '祁门县', 143, 2);
INSERT INTO `city` VALUES (1326, '琅琊区', 144, 2);
INSERT INTO `city` VALUES (1327, '南谯区', 144, 2);
INSERT INTO `city` VALUES (1328, '来安县', 144, 2);
INSERT INTO `city` VALUES (1329, '全椒县', 144, 2);
INSERT INTO `city` VALUES (1330, '定远县', 144, 2);
INSERT INTO `city` VALUES (1331, '凤阳县', 144, 2);
INSERT INTO `city` VALUES (1332, '天长市', 144, 2);
INSERT INTO `city` VALUES (1333, '明光市', 144, 2);
INSERT INTO `city` VALUES (1334, '颍州区', 145, 2);
INSERT INTO `city` VALUES (1335, '颍东区', 145, 2);
INSERT INTO `city` VALUES (1336, '颍泉区', 145, 2);
INSERT INTO `city` VALUES (1337, '临泉县', 145, 2);
INSERT INTO `city` VALUES (1338, '太和县', 145, 2);
INSERT INTO `city` VALUES (1339, '阜南县', 145, 2);
INSERT INTO `city` VALUES (1340, '颍上县', 145, 2);
INSERT INTO `city` VALUES (1341, '界首市', 145, 2);
INSERT INTO `city` VALUES (1342, '埇桥区', 146, 2);
INSERT INTO `city` VALUES (1343, '砀山县', 146, 2);
INSERT INTO `city` VALUES (1344, '萧县', 146, 2);
INSERT INTO `city` VALUES (1345, '灵璧县', 146, 2);
INSERT INTO `city` VALUES (1346, '泗县', 146, 2);
INSERT INTO `city` VALUES (1347, '金安区', 147, 2);
INSERT INTO `city` VALUES (1348, '裕安区', 147, 2);
INSERT INTO `city` VALUES (1349, '寿县', 147, 2);
INSERT INTO `city` VALUES (1350, '霍邱县', 147, 2);
INSERT INTO `city` VALUES (1351, '舒城县', 147, 2);
INSERT INTO `city` VALUES (1352, '金寨县', 147, 2);
INSERT INTO `city` VALUES (1353, '霍山县', 147, 2);
INSERT INTO `city` VALUES (1354, '谯城区', 148, 2);
INSERT INTO `city` VALUES (1355, '涡阳县', 148, 2);
INSERT INTO `city` VALUES (1356, '蒙城县', 148, 2);
INSERT INTO `city` VALUES (1357, '利辛县', 148, 2);
INSERT INTO `city` VALUES (1358, '贵池区', 149, 2);
INSERT INTO `city` VALUES (1359, '东至县', 149, 2);
INSERT INTO `city` VALUES (1360, '石台县', 149, 2);
INSERT INTO `city` VALUES (1361, '青阳县', 149, 2);
INSERT INTO `city` VALUES (1362, '宣州区', 150, 2);
INSERT INTO `city` VALUES (1363, '郎溪县', 150, 2);
INSERT INTO `city` VALUES (1364, '广德县', 150, 2);
INSERT INTO `city` VALUES (1365, '泾县', 150, 2);
INSERT INTO `city` VALUES (1366, '绩溪县', 150, 2);
INSERT INTO `city` VALUES (1367, '旌德县', 150, 2);
INSERT INTO `city` VALUES (1368, '宁国市', 150, 2);
INSERT INTO `city` VALUES (1369, '台江区', 151, 2);
INSERT INTO `city` VALUES (1370, '仓山区', 151, 2);
INSERT INTO `city` VALUES (1371, '马尾区', 151, 2);
INSERT INTO `city` VALUES (1372, '晋安区', 151, 2);
INSERT INTO `city` VALUES (1373, '闽侯县', 151, 2);
INSERT INTO `city` VALUES (1374, '连江县', 151, 2);
INSERT INTO `city` VALUES (1375, '罗源县', 151, 2);
INSERT INTO `city` VALUES (1376, '闽清县', 151, 2);
INSERT INTO `city` VALUES (1377, '永泰县', 151, 2);
INSERT INTO `city` VALUES (1378, '平潭县', 151, 2);
INSERT INTO `city` VALUES (1379, '福清市', 151, 2);
INSERT INTO `city` VALUES (1380, '长乐市', 151, 2);
INSERT INTO `city` VALUES (1381, '思明区', 152, 2);
INSERT INTO `city` VALUES (1382, '海沧区', 152, 2);
INSERT INTO `city` VALUES (1383, '湖里区', 152, 2);
INSERT INTO `city` VALUES (1384, '集美区', 152, 2);
INSERT INTO `city` VALUES (1385, '同安区', 152, 2);
INSERT INTO `city` VALUES (1386, '翔安区', 152, 2);
INSERT INTO `city` VALUES (1387, '城厢区', 153, 2);
INSERT INTO `city` VALUES (1388, '涵江区', 153, 2);
INSERT INTO `city` VALUES (1389, '荔城区', 153, 2);
INSERT INTO `city` VALUES (1390, '秀屿区', 153, 2);
INSERT INTO `city` VALUES (1391, '仙游县', 153, 2);
INSERT INTO `city` VALUES (1392, '梅列区', 154, 2);
INSERT INTO `city` VALUES (1393, '三元区', 154, 2);
INSERT INTO `city` VALUES (1394, '明溪县', 154, 2);
INSERT INTO `city` VALUES (1395, '清流县', 154, 2);
INSERT INTO `city` VALUES (1396, '宁化县', 154, 2);
INSERT INTO `city` VALUES (1397, '大田县', 154, 2);
INSERT INTO `city` VALUES (1398, '尤溪县', 154, 2);
INSERT INTO `city` VALUES (1399, '沙县', 154, 2);
INSERT INTO `city` VALUES (1400, '将乐县', 154, 2);
INSERT INTO `city` VALUES (1401, '泰宁县', 154, 2);
INSERT INTO `city` VALUES (1402, '建宁县', 154, 2);
INSERT INTO `city` VALUES (1403, '永安市', 154, 2);
INSERT INTO `city` VALUES (1404, '鲤城区', 155, 2);
INSERT INTO `city` VALUES (1405, '丰泽区', 155, 2);
INSERT INTO `city` VALUES (1406, '洛江区', 155, 2);
INSERT INTO `city` VALUES (1407, '泉港区', 155, 2);
INSERT INTO `city` VALUES (1408, '惠安县', 155, 2);
INSERT INTO `city` VALUES (1409, '安溪县', 155, 2);
INSERT INTO `city` VALUES (1410, '永春县', 155, 2);
INSERT INTO `city` VALUES (1411, '德化县', 155, 2);
INSERT INTO `city` VALUES (1412, '金门县', 155, 2);
INSERT INTO `city` VALUES (1413, '石狮市', 155, 2);
INSERT INTO `city` VALUES (1414, '晋江市', 155, 2);
INSERT INTO `city` VALUES (1415, '南安市', 155, 2);
INSERT INTO `city` VALUES (1416, '芗城区', 156, 2);
INSERT INTO `city` VALUES (1417, '龙文区', 156, 2);
INSERT INTO `city` VALUES (1418, '云霄县', 156, 2);
INSERT INTO `city` VALUES (1419, '漳浦县', 156, 2);
INSERT INTO `city` VALUES (1420, '诏安县', 156, 2);
INSERT INTO `city` VALUES (1421, '长泰县', 156, 2);
INSERT INTO `city` VALUES (1422, '东山县', 156, 2);
INSERT INTO `city` VALUES (1423, '南靖县', 156, 2);
INSERT INTO `city` VALUES (1424, '平和县', 156, 2);
INSERT INTO `city` VALUES (1425, '华安县', 156, 2);
INSERT INTO `city` VALUES (1426, '龙海市', 156, 2);
INSERT INTO `city` VALUES (1427, '延平区', 157, 2);
INSERT INTO `city` VALUES (1428, '顺昌县', 157, 2);
INSERT INTO `city` VALUES (1429, '浦城县', 157, 2);
INSERT INTO `city` VALUES (1430, '光泽县', 157, 2);
INSERT INTO `city` VALUES (1431, '松溪县', 157, 2);
INSERT INTO `city` VALUES (1432, '政和县', 157, 2);
INSERT INTO `city` VALUES (1433, '邵武市', 157, 2);
INSERT INTO `city` VALUES (1434, '武夷山市', 157, 2);
INSERT INTO `city` VALUES (1435, '建瓯市', 157, 2);
INSERT INTO `city` VALUES (1436, '建阳市', 157, 2);
INSERT INTO `city` VALUES (1437, '新罗区', 158, 2);
INSERT INTO `city` VALUES (1438, '长汀县', 158, 2);
INSERT INTO `city` VALUES (1439, '永定县', 158, 2);
INSERT INTO `city` VALUES (1440, '上杭县', 158, 2);
INSERT INTO `city` VALUES (1441, '武平县', 158, 2);
INSERT INTO `city` VALUES (1442, '连城县', 158, 2);
INSERT INTO `city` VALUES (1443, '漳平市', 158, 2);
INSERT INTO `city` VALUES (1444, '蕉城区', 159, 2);
INSERT INTO `city` VALUES (1445, '霞浦县', 159, 2);
INSERT INTO `city` VALUES (1446, '古田县', 159, 2);
INSERT INTO `city` VALUES (1447, '屏南县', 159, 2);
INSERT INTO `city` VALUES (1448, '寿宁县', 159, 2);
INSERT INTO `city` VALUES (1449, '周宁县', 159, 2);
INSERT INTO `city` VALUES (1450, '柘荣县', 159, 2);
INSERT INTO `city` VALUES (1451, '福安市', 159, 2);
INSERT INTO `city` VALUES (1452, '福鼎市', 159, 2);
INSERT INTO `city` VALUES (1453, '东湖区', 160, 2);
INSERT INTO `city` VALUES (1454, '青云谱区', 160, 2);
INSERT INTO `city` VALUES (1455, '湾里区', 160, 2);
INSERT INTO `city` VALUES (1456, '青山湖区', 160, 2);
INSERT INTO `city` VALUES (1457, '南昌县', 160, 2);
INSERT INTO `city` VALUES (1458, '新建县', 160, 2);
INSERT INTO `city` VALUES (1459, '安义县', 160, 2);
INSERT INTO `city` VALUES (1460, '进贤县', 160, 2);
INSERT INTO `city` VALUES (1461, '昌江区', 161, 2);
INSERT INTO `city` VALUES (1462, '珠山区', 161, 2);
INSERT INTO `city` VALUES (1463, '浮梁县', 161, 2);
INSERT INTO `city` VALUES (1464, '乐平市', 161, 2);
INSERT INTO `city` VALUES (1465, '安源区', 162, 2);
INSERT INTO `city` VALUES (1466, '湘东区', 162, 2);
INSERT INTO `city` VALUES (1467, '莲花县', 162, 2);
INSERT INTO `city` VALUES (1468, '上栗县', 162, 2);
INSERT INTO `city` VALUES (1469, '芦溪县', 162, 2);
INSERT INTO `city` VALUES (1470, '庐山区', 163, 2);
INSERT INTO `city` VALUES (1471, '浔阳区', 163, 2);
INSERT INTO `city` VALUES (1472, '九江县', 163, 2);
INSERT INTO `city` VALUES (1473, '武宁县', 163, 2);
INSERT INTO `city` VALUES (1474, '修水县', 163, 2);
INSERT INTO `city` VALUES (1475, '永修县', 163, 2);
INSERT INTO `city` VALUES (1476, '德安县', 163, 2);
INSERT INTO `city` VALUES (1477, '星子县', 163, 2);
INSERT INTO `city` VALUES (1478, '都昌县', 163, 2);
INSERT INTO `city` VALUES (1479, '湖口县', 163, 2);
INSERT INTO `city` VALUES (1480, '彭泽县', 163, 2);
INSERT INTO `city` VALUES (1481, '瑞昌市', 163, 2);
INSERT INTO `city` VALUES (1482, '共青城市', 163, 2);
INSERT INTO `city` VALUES (1483, '渝水区', 164, 2);
INSERT INTO `city` VALUES (1484, '分宜县', 164, 2);
INSERT INTO `city` VALUES (1485, '月湖区', 165, 2);
INSERT INTO `city` VALUES (1486, '余江县', 165, 2);
INSERT INTO `city` VALUES (1487, '贵溪市', 165, 2);
INSERT INTO `city` VALUES (1488, '章贡区', 166, 2);
INSERT INTO `city` VALUES (1489, '南康区', 166, 2);
INSERT INTO `city` VALUES (1490, '赣县', 166, 2);
INSERT INTO `city` VALUES (1491, '信丰县', 166, 2);
INSERT INTO `city` VALUES (1492, '大余县', 166, 2);
INSERT INTO `city` VALUES (1493, '上犹县', 166, 2);
INSERT INTO `city` VALUES (1494, '崇义县', 166, 2);
INSERT INTO `city` VALUES (1495, '安远县', 166, 2);
INSERT INTO `city` VALUES (1496, '龙南县', 166, 2);
INSERT INTO `city` VALUES (1497, '定南县', 166, 2);
INSERT INTO `city` VALUES (1498, '全南县', 166, 2);
INSERT INTO `city` VALUES (1499, '宁都县', 166, 2);
INSERT INTO `city` VALUES (1500, '于都县', 166, 2);
INSERT INTO `city` VALUES (1501, '兴国县', 166, 2);
INSERT INTO `city` VALUES (1502, '会昌县', 166, 2);
INSERT INTO `city` VALUES (1503, '寻乌县', 166, 2);
INSERT INTO `city` VALUES (1504, '石城县', 166, 2);
INSERT INTO `city` VALUES (1505, '瑞金市', 166, 2);
INSERT INTO `city` VALUES (1506, '吉州区', 167, 2);
INSERT INTO `city` VALUES (1507, '青原区', 167, 2);
INSERT INTO `city` VALUES (1508, '吉安县', 167, 2);
INSERT INTO `city` VALUES (1509, '吉水县', 167, 2);
INSERT INTO `city` VALUES (1510, '峡江县', 167, 2);
INSERT INTO `city` VALUES (1511, '新干县', 167, 2);
INSERT INTO `city` VALUES (1512, '永丰县', 167, 2);
INSERT INTO `city` VALUES (1513, '泰和县', 167, 2);
INSERT INTO `city` VALUES (1514, '遂川县', 167, 2);
INSERT INTO `city` VALUES (1515, '万安县', 167, 2);
INSERT INTO `city` VALUES (1516, '安福县', 167, 2);
INSERT INTO `city` VALUES (1517, '永新县', 167, 2);
INSERT INTO `city` VALUES (1518, '井冈山市', 167, 2);
INSERT INTO `city` VALUES (1519, '袁州区', 168, 2);
INSERT INTO `city` VALUES (1520, '奉新县', 168, 2);
INSERT INTO `city` VALUES (1521, '万载县', 168, 2);
INSERT INTO `city` VALUES (1522, '上高县', 168, 2);
INSERT INTO `city` VALUES (1523, '宜丰县', 168, 2);
INSERT INTO `city` VALUES (1524, '靖安县', 168, 2);
INSERT INTO `city` VALUES (1525, '铜鼓县', 168, 2);
INSERT INTO `city` VALUES (1526, '丰城市', 168, 2);
INSERT INTO `city` VALUES (1527, '樟树市', 168, 2);
INSERT INTO `city` VALUES (1528, '高安市', 168, 2);
INSERT INTO `city` VALUES (1529, '临川区', 169, 2);
INSERT INTO `city` VALUES (1530, '南城县', 169, 2);
INSERT INTO `city` VALUES (1531, '黎川县', 169, 2);
INSERT INTO `city` VALUES (1532, '南丰县', 169, 2);
INSERT INTO `city` VALUES (1533, '崇仁县', 169, 2);
INSERT INTO `city` VALUES (1534, '乐安县', 169, 2);
INSERT INTO `city` VALUES (1535, '宜黄县', 169, 2);
INSERT INTO `city` VALUES (1536, '金溪县', 169, 2);
INSERT INTO `city` VALUES (1537, '资溪县', 169, 2);
INSERT INTO `city` VALUES (1538, '东乡县', 169, 2);
INSERT INTO `city` VALUES (1539, '广昌县', 169, 2);
INSERT INTO `city` VALUES (1540, '信州区', 170, 2);
INSERT INTO `city` VALUES (1541, '上饶县', 170, 2);
INSERT INTO `city` VALUES (1542, '广丰县', 170, 2);
INSERT INTO `city` VALUES (1543, '玉山县', 170, 2);
INSERT INTO `city` VALUES (1544, '铅山县', 170, 2);
INSERT INTO `city` VALUES (1545, '横峰县', 170, 2);
INSERT INTO `city` VALUES (1546, '弋阳县', 170, 2);
INSERT INTO `city` VALUES (1547, '余干县', 170, 2);
INSERT INTO `city` VALUES (1548, '鄱阳县', 170, 2);
INSERT INTO `city` VALUES (1549, '万年县', 170, 2);
INSERT INTO `city` VALUES (1550, '婺源县', 170, 2);
INSERT INTO `city` VALUES (1551, '德兴市', 170, 2);
INSERT INTO `city` VALUES (1552, '历下区', 171, 2);
INSERT INTO `city` VALUES (1553, '市中区', 171, 2);
INSERT INTO `city` VALUES (1554, '槐荫区', 171, 2);
INSERT INTO `city` VALUES (1555, '天桥区', 171, 2);
INSERT INTO `city` VALUES (1556, '历城区', 171, 2);
INSERT INTO `city` VALUES (1557, '长清区', 171, 2);
INSERT INTO `city` VALUES (1558, '平阴县', 171, 2);
INSERT INTO `city` VALUES (1559, '济阳县', 171, 2);
INSERT INTO `city` VALUES (1560, '商河县', 171, 2);
INSERT INTO `city` VALUES (1561, '章丘市', 171, 2);
INSERT INTO `city` VALUES (1562, '市南区', 172, 2);
INSERT INTO `city` VALUES (1563, '市北区', 172, 2);
INSERT INTO `city` VALUES (1564, '黄岛区', 172, 2);
INSERT INTO `city` VALUES (1565, '崂山区', 172, 2);
INSERT INTO `city` VALUES (1566, '李沧区', 172, 2);
INSERT INTO `city` VALUES (1567, '城阳区', 172, 2);
INSERT INTO `city` VALUES (1568, '胶州市', 172, 2);
INSERT INTO `city` VALUES (1569, '即墨市', 172, 2);
INSERT INTO `city` VALUES (1570, '平度市', 172, 2);
INSERT INTO `city` VALUES (1571, '莱西市', 172, 2);
INSERT INTO `city` VALUES (1572, '淄川区', 173, 2);
INSERT INTO `city` VALUES (1573, '张店区', 173, 2);
INSERT INTO `city` VALUES (1574, '博山区', 173, 2);
INSERT INTO `city` VALUES (1575, '临淄区', 173, 2);
INSERT INTO `city` VALUES (1576, '周村区', 173, 2);
INSERT INTO `city` VALUES (1577, '桓台县', 173, 2);
INSERT INTO `city` VALUES (1578, '高青县', 173, 2);
INSERT INTO `city` VALUES (1579, '沂源县', 173, 2);
INSERT INTO `city` VALUES (1580, '薛城区', 174, 2);
INSERT INTO `city` VALUES (1581, '峄城区', 174, 2);
INSERT INTO `city` VALUES (1582, '台儿庄区', 174, 2);
INSERT INTO `city` VALUES (1583, '山亭区', 174, 2);
INSERT INTO `city` VALUES (1584, '滕州市', 174, 2);
INSERT INTO `city` VALUES (1585, '东营区', 175, 2);
INSERT INTO `city` VALUES (1586, '河口区', 175, 2);
INSERT INTO `city` VALUES (1587, '垦利县', 175, 2);
INSERT INTO `city` VALUES (1588, '利津县', 175, 2);
INSERT INTO `city` VALUES (1589, '广饶县', 175, 2);
INSERT INTO `city` VALUES (1590, '芝罘区', 176, 2);
INSERT INTO `city` VALUES (1591, '福山区', 176, 2);
INSERT INTO `city` VALUES (1592, '牟平区', 176, 2);
INSERT INTO `city` VALUES (1593, '莱山区', 176, 2);
INSERT INTO `city` VALUES (1594, '长岛县', 176, 2);
INSERT INTO `city` VALUES (1595, '龙口市', 176, 2);
INSERT INTO `city` VALUES (1596, '莱阳市', 176, 2);
INSERT INTO `city` VALUES (1597, '莱州市', 176, 2);
INSERT INTO `city` VALUES (1598, '蓬莱市', 176, 2);
INSERT INTO `city` VALUES (1599, '招远市', 176, 2);
INSERT INTO `city` VALUES (1600, '栖霞市', 176, 2);
INSERT INTO `city` VALUES (1601, '海阳市', 176, 2);
INSERT INTO `city` VALUES (1602, '潍城区', 177, 2);
INSERT INTO `city` VALUES (1603, '寒亭区', 177, 2);
INSERT INTO `city` VALUES (1604, '坊子区', 177, 2);
INSERT INTO `city` VALUES (1605, '奎文区', 177, 2);
INSERT INTO `city` VALUES (1606, '临朐县', 177, 2);
INSERT INTO `city` VALUES (1607, '昌乐县', 177, 2);
INSERT INTO `city` VALUES (1608, '青州市', 177, 2);
INSERT INTO `city` VALUES (1609, '诸城市', 177, 2);
INSERT INTO `city` VALUES (1610, '寿光市', 177, 2);
INSERT INTO `city` VALUES (1611, '安丘市', 177, 2);
INSERT INTO `city` VALUES (1612, '高密市', 177, 2);
INSERT INTO `city` VALUES (1613, '昌邑市', 177, 2);
INSERT INTO `city` VALUES (1614, '任城区', 178, 2);
INSERT INTO `city` VALUES (1615, '兖州区', 178, 2);
INSERT INTO `city` VALUES (1616, '微山县', 178, 2);
INSERT INTO `city` VALUES (1617, '鱼台县', 178, 2);
INSERT INTO `city` VALUES (1618, '金乡县', 178, 2);
INSERT INTO `city` VALUES (1619, '嘉祥县', 178, 2);
INSERT INTO `city` VALUES (1620, '汶上县', 178, 2);
INSERT INTO `city` VALUES (1621, '泗水县', 178, 2);
INSERT INTO `city` VALUES (1622, '梁山县', 178, 2);
INSERT INTO `city` VALUES (1623, '曲阜市', 178, 2);
INSERT INTO `city` VALUES (1624, '邹城市', 178, 2);
INSERT INTO `city` VALUES (1625, '泰山区', 179, 2);
INSERT INTO `city` VALUES (1626, '岱岳区', 179, 2);
INSERT INTO `city` VALUES (1627, '宁阳县', 179, 2);
INSERT INTO `city` VALUES (1628, '东平县', 179, 2);
INSERT INTO `city` VALUES (1629, '新泰市', 179, 2);
INSERT INTO `city` VALUES (1630, '肥城市', 179, 2);
INSERT INTO `city` VALUES (1631, '环翠区', 180, 2);
INSERT INTO `city` VALUES (1632, '文登区', 180, 2);
INSERT INTO `city` VALUES (1633, '荣成市', 180, 2);
INSERT INTO `city` VALUES (1634, '乳山市', 180, 2);
INSERT INTO `city` VALUES (1635, '东港区', 181, 2);
INSERT INTO `city` VALUES (1636, '岚山区', 181, 2);
INSERT INTO `city` VALUES (1637, '五莲县', 181, 2);
INSERT INTO `city` VALUES (1638, '莒县', 181, 2);
INSERT INTO `city` VALUES (1639, '莱城区', 182, 2);
INSERT INTO `city` VALUES (1640, '钢城区', 182, 2);
INSERT INTO `city` VALUES (1641, '兰山区', 183, 2);
INSERT INTO `city` VALUES (1642, '罗庄区', 183, 2);
INSERT INTO `city` VALUES (1643, '沂南县', 183, 2);
INSERT INTO `city` VALUES (1644, '郯城县', 183, 2);
INSERT INTO `city` VALUES (1645, '沂水县', 183, 2);
INSERT INTO `city` VALUES (1646, '兰陵县', 183, 2);
INSERT INTO `city` VALUES (1647, '费县', 183, 2);
INSERT INTO `city` VALUES (1648, '平邑县', 183, 2);
INSERT INTO `city` VALUES (1649, '莒南县', 183, 2);
INSERT INTO `city` VALUES (1650, '蒙阴县', 183, 2);
INSERT INTO `city` VALUES (1651, '临沭县', 183, 2);
INSERT INTO `city` VALUES (1652, '德城区', 184, 2);
INSERT INTO `city` VALUES (1653, '陵城区', 184, 2);
INSERT INTO `city` VALUES (1654, '宁津县', 184, 2);
INSERT INTO `city` VALUES (1655, '庆云县', 184, 2);
INSERT INTO `city` VALUES (1656, '临邑县', 184, 2);
INSERT INTO `city` VALUES (1657, '齐河县', 184, 2);
INSERT INTO `city` VALUES (1658, '平原县', 184, 2);
INSERT INTO `city` VALUES (1659, '夏津县', 184, 2);
INSERT INTO `city` VALUES (1660, '武城县', 184, 2);
INSERT INTO `city` VALUES (1661, '乐陵市', 184, 2);
INSERT INTO `city` VALUES (1662, '禹城市', 184, 2);
INSERT INTO `city` VALUES (1663, '东昌府区', 185, 2);
INSERT INTO `city` VALUES (1664, '阳谷县', 185, 2);
INSERT INTO `city` VALUES (1665, '莘县', 185, 2);
INSERT INTO `city` VALUES (1666, '茌平县', 185, 2);
INSERT INTO `city` VALUES (1667, '东阿县', 185, 2);
INSERT INTO `city` VALUES (1668, '冠县', 185, 2);
INSERT INTO `city` VALUES (1669, '高唐县', 185, 2);
INSERT INTO `city` VALUES (1670, '临清市', 185, 2);
INSERT INTO `city` VALUES (1671, '滨城区', 186, 2);
INSERT INTO `city` VALUES (1672, '沾化区', 186, 2);
INSERT INTO `city` VALUES (1673, '惠民县', 186, 2);
INSERT INTO `city` VALUES (1674, '阳信县', 186, 2);
INSERT INTO `city` VALUES (1675, '无棣县', 186, 2);
INSERT INTO `city` VALUES (1676, '博兴县', 186, 2);
INSERT INTO `city` VALUES (1677, '邹平县', 186, 2);
INSERT INTO `city` VALUES (1678, '牡丹区', 187, 2);
INSERT INTO `city` VALUES (1679, '曹县', 187, 2);
INSERT INTO `city` VALUES (1680, '单县', 187, 2);
INSERT INTO `city` VALUES (1681, '成武县', 187, 2);
INSERT INTO `city` VALUES (1682, '巨野县', 187, 2);
INSERT INTO `city` VALUES (1683, '郓城县', 187, 2);
INSERT INTO `city` VALUES (1684, '鄄城县', 187, 2);
INSERT INTO `city` VALUES (1685, '定陶县', 187, 2);
INSERT INTO `city` VALUES (1686, '东明县', 187, 2);
INSERT INTO `city` VALUES (1687, '中原区', 188, 2);
INSERT INTO `city` VALUES (1688, '二七区', 188, 2);
INSERT INTO `city` VALUES (1689, '管城回族区', 188, 2);
INSERT INTO `city` VALUES (1690, '金水区', 188, 2);
INSERT INTO `city` VALUES (1691, '上街区', 188, 2);
INSERT INTO `city` VALUES (1692, '惠济区', 188, 2);
INSERT INTO `city` VALUES (1693, '中牟县', 188, 2);
INSERT INTO `city` VALUES (1694, '巩义市', 188, 2);
INSERT INTO `city` VALUES (1695, '荥阳市', 188, 2);
INSERT INTO `city` VALUES (1696, '新密市', 188, 2);
INSERT INTO `city` VALUES (1697, '新郑市', 188, 2);
INSERT INTO `city` VALUES (1698, '登封市', 188, 2);
INSERT INTO `city` VALUES (1699, '龙亭区', 189, 2);
INSERT INTO `city` VALUES (1700, '顺河回族区', 189, 2);
INSERT INTO `city` VALUES (1701, '禹王台区', 189, 2);
INSERT INTO `city` VALUES (1702, '金明区', 189, 2);
INSERT INTO `city` VALUES (1703, '杞县', 189, 2);
INSERT INTO `city` VALUES (1704, '通许县', 189, 2);
INSERT INTO `city` VALUES (1705, '尉氏县', 189, 2);
INSERT INTO `city` VALUES (1706, '开封县', 189, 2);
INSERT INTO `city` VALUES (1707, '兰考县', 189, 2);
INSERT INTO `city` VALUES (1708, '老城区', 190, 2);
INSERT INTO `city` VALUES (1709, '西工区', 190, 2);
INSERT INTO `city` VALUES (1710, '瀍河回族区', 190, 2);
INSERT INTO `city` VALUES (1711, '涧西区', 190, 2);
INSERT INTO `city` VALUES (1712, '吉利区', 190, 2);
INSERT INTO `city` VALUES (1713, '洛龙区', 190, 2);
INSERT INTO `city` VALUES (1714, '孟津县', 190, 2);
INSERT INTO `city` VALUES (1715, '新安县', 190, 2);
INSERT INTO `city` VALUES (1716, '栾川县', 190, 2);
INSERT INTO `city` VALUES (1717, '嵩县', 190, 2);
INSERT INTO `city` VALUES (1718, '汝阳县', 190, 2);
INSERT INTO `city` VALUES (1719, '宜阳县', 190, 2);
INSERT INTO `city` VALUES (1720, '洛宁县', 190, 2);
INSERT INTO `city` VALUES (1721, '伊川县', 190, 2);
INSERT INTO `city` VALUES (1722, '偃师市', 190, 2);
INSERT INTO `city` VALUES (1723, '卫东区', 191, 2);
INSERT INTO `city` VALUES (1724, '石龙区', 191, 2);
INSERT INTO `city` VALUES (1725, '湛河区', 191, 2);
INSERT INTO `city` VALUES (1726, '宝丰县', 191, 2);
INSERT INTO `city` VALUES (1727, '叶县', 191, 2);
INSERT INTO `city` VALUES (1728, '鲁山县', 191, 2);
INSERT INTO `city` VALUES (1729, '郏县', 191, 2);
INSERT INTO `city` VALUES (1730, '舞钢市', 191, 2);
INSERT INTO `city` VALUES (1731, '汝州市', 191, 2);
INSERT INTO `city` VALUES (1732, '文峰区', 192, 2);
INSERT INTO `city` VALUES (1733, '北关区', 192, 2);
INSERT INTO `city` VALUES (1734, '殷都区', 192, 2);
INSERT INTO `city` VALUES (1735, '龙安区', 192, 2);
INSERT INTO `city` VALUES (1736, '安阳县', 192, 2);
INSERT INTO `city` VALUES (1737, '汤阴县', 192, 2);
INSERT INTO `city` VALUES (1738, '滑县', 192, 2);
INSERT INTO `city` VALUES (1739, '内黄县', 192, 2);
INSERT INTO `city` VALUES (1740, '林州市', 192, 2);
INSERT INTO `city` VALUES (1741, '鹤山区', 193, 2);
INSERT INTO `city` VALUES (1742, '山城区', 193, 2);
INSERT INTO `city` VALUES (1743, '淇滨区', 193, 2);
INSERT INTO `city` VALUES (1744, '浚县', 193, 2);
INSERT INTO `city` VALUES (1745, '淇县', 193, 2);
INSERT INTO `city` VALUES (1746, '红旗区', 194, 2);
INSERT INTO `city` VALUES (1747, '卫滨区', 194, 2);
INSERT INTO `city` VALUES (1748, '凤泉区', 194, 2);
INSERT INTO `city` VALUES (1749, '牧野区', 194, 2);
INSERT INTO `city` VALUES (1750, '新乡县', 194, 2);
INSERT INTO `city` VALUES (1751, '获嘉县', 194, 2);
INSERT INTO `city` VALUES (1752, '原阳县', 194, 2);
INSERT INTO `city` VALUES (1753, '延津县', 194, 2);
INSERT INTO `city` VALUES (1754, '封丘县', 194, 2);
INSERT INTO `city` VALUES (1755, '长垣县', 194, 2);
INSERT INTO `city` VALUES (1756, '卫辉市', 194, 2);
INSERT INTO `city` VALUES (1757, '辉县市', 194, 2);
INSERT INTO `city` VALUES (1758, '解放区', 195, 2);
INSERT INTO `city` VALUES (1759, '中站区', 195, 2);
INSERT INTO `city` VALUES (1760, '马村区', 195, 2);
INSERT INTO `city` VALUES (1761, '山阳区', 195, 2);
INSERT INTO `city` VALUES (1762, '修武县', 195, 2);
INSERT INTO `city` VALUES (1763, '博爱县', 195, 2);
INSERT INTO `city` VALUES (1764, '武陟县', 195, 2);
INSERT INTO `city` VALUES (1765, '温县', 195, 2);
INSERT INTO `city` VALUES (1766, '沁阳市', 195, 2);
INSERT INTO `city` VALUES (1767, '孟州市', 195, 2);
INSERT INTO `city` VALUES (1768, '华龙区', 196, 2);
INSERT INTO `city` VALUES (1769, '清丰县', 196, 2);
INSERT INTO `city` VALUES (1770, '南乐县', 196, 2);
INSERT INTO `city` VALUES (1771, '范县', 196, 2);
INSERT INTO `city` VALUES (1772, '台前县', 196, 2);
INSERT INTO `city` VALUES (1773, '濮阳县', 196, 2);
INSERT INTO `city` VALUES (1774, '魏都区', 197, 2);
INSERT INTO `city` VALUES (1775, '许昌县', 197, 2);
INSERT INTO `city` VALUES (1776, '鄢陵县', 197, 2);
INSERT INTO `city` VALUES (1777, '襄城县', 197, 2);
INSERT INTO `city` VALUES (1778, '禹州市', 197, 2);
INSERT INTO `city` VALUES (1779, '长葛市', 197, 2);
INSERT INTO `city` VALUES (1781, '源汇区', 198, 2);
INSERT INTO `city` VALUES (1782, '郾城区', 198, 2);
INSERT INTO `city` VALUES (1783, '召陵区', 198, 2);
INSERT INTO `city` VALUES (1784, '舞阳县', 198, 2);
INSERT INTO `city` VALUES (1785, '临颍县', 198, 2);
INSERT INTO `city` VALUES (1786, '湖滨区', 199, 2);
INSERT INTO `city` VALUES (1787, '渑池县', 199, 2);
INSERT INTO `city` VALUES (1788, '陕县', 199, 2);
INSERT INTO `city` VALUES (1789, '卢氏县', 199, 2);
INSERT INTO `city` VALUES (1790, '义马市', 199, 2);
INSERT INTO `city` VALUES (1791, '灵宝市', 199, 2);
INSERT INTO `city` VALUES (1792, '宛城区', 200, 2);
INSERT INTO `city` VALUES (1793, '卧龙区', 200, 2);
INSERT INTO `city` VALUES (1794, '南召县', 200, 2);
INSERT INTO `city` VALUES (1795, '方城县', 200, 2);
INSERT INTO `city` VALUES (1796, '西峡县', 200, 2);
INSERT INTO `city` VALUES (1797, '镇平县', 200, 2);
INSERT INTO `city` VALUES (1798, '内乡县', 200, 2);
INSERT INTO `city` VALUES (1799, '淅川县', 200, 2);
INSERT INTO `city` VALUES (1800, '社旗县', 200, 2);
INSERT INTO `city` VALUES (1801, '唐河县', 200, 2);
INSERT INTO `city` VALUES (1802, '新野县', 200, 2);
INSERT INTO `city` VALUES (1803, '桐柏县', 200, 2);
INSERT INTO `city` VALUES (1804, '邓州市', 200, 2);
INSERT INTO `city` VALUES (1805, '梁园区', 201, 2);
INSERT INTO `city` VALUES (1806, '睢阳区', 201, 2);
INSERT INTO `city` VALUES (1807, '民权县', 201, 2);
INSERT INTO `city` VALUES (1808, '睢县', 201, 2);
INSERT INTO `city` VALUES (1809, '宁陵县', 201, 2);
INSERT INTO `city` VALUES (1810, '柘城县', 201, 2);
INSERT INTO `city` VALUES (1811, '虞城县', 201, 2);
INSERT INTO `city` VALUES (1812, '夏邑县', 201, 2);
INSERT INTO `city` VALUES (1813, '永城市', 201, 2);
INSERT INTO `city` VALUES (1814, '浉河区', 202, 2);
INSERT INTO `city` VALUES (1815, '平桥区', 202, 2);
INSERT INTO `city` VALUES (1816, '罗山县', 202, 2);
INSERT INTO `city` VALUES (1817, '光山县', 202, 2);
INSERT INTO `city` VALUES (1818, '新县', 202, 2);
INSERT INTO `city` VALUES (1819, '商城县', 202, 2);
INSERT INTO `city` VALUES (1820, '固始县', 202, 2);
INSERT INTO `city` VALUES (1821, '潢川县', 202, 2);
INSERT INTO `city` VALUES (1822, '淮滨县', 202, 2);
INSERT INTO `city` VALUES (1823, '息县', 202, 2);
INSERT INTO `city` VALUES (1824, '川汇区', 203, 2);
INSERT INTO `city` VALUES (1825, '扶沟县', 203, 2);
INSERT INTO `city` VALUES (1826, '西华县', 203, 2);
INSERT INTO `city` VALUES (1827, '商水县', 203, 2);
INSERT INTO `city` VALUES (1828, '沈丘县', 203, 2);
INSERT INTO `city` VALUES (1829, '郸城县', 203, 2);
INSERT INTO `city` VALUES (1830, '淮阳县', 203, 2);
INSERT INTO `city` VALUES (1831, '太康县', 203, 2);
INSERT INTO `city` VALUES (1832, '鹿邑县', 203, 2);
INSERT INTO `city` VALUES (1833, '项城市', 203, 2);
INSERT INTO `city` VALUES (1834, '驿城区', 204, 2);
INSERT INTO `city` VALUES (1835, '西平县', 204, 2);
INSERT INTO `city` VALUES (1836, '上蔡县', 204, 2);
INSERT INTO `city` VALUES (1837, '平舆县', 204, 2);
INSERT INTO `city` VALUES (1838, '正阳县', 204, 2);
INSERT INTO `city` VALUES (1839, '确山县', 204, 2);
INSERT INTO `city` VALUES (1840, '泌阳县', 204, 2);
INSERT INTO `city` VALUES (1841, '汝南县', 204, 2);
INSERT INTO `city` VALUES (1842, '遂平县', 204, 2);
INSERT INTO `city` VALUES (1843, '新蔡县', 204, 2);
INSERT INTO `city` VALUES (1844, '济源市', 205, 2);
INSERT INTO `city` VALUES (1845, '江岸区', 206, 2);
INSERT INTO `city` VALUES (1846, '江汉区', 206, 2);
INSERT INTO `city` VALUES (1847, '硚口区', 206, 2);
INSERT INTO `city` VALUES (1848, '汉阳区', 206, 2);
INSERT INTO `city` VALUES (1849, '武昌区', 206, 2);
INSERT INTO `city` VALUES (1850, '洪山区', 206, 2);
INSERT INTO `city` VALUES (1851, '东西湖区', 206, 2);
INSERT INTO `city` VALUES (1852, '汉南区', 206, 2);
INSERT INTO `city` VALUES (1853, '蔡甸区', 206, 2);
INSERT INTO `city` VALUES (1854, '江夏区', 206, 2);
INSERT INTO `city` VALUES (1855, '黄陂区', 206, 2);
INSERT INTO `city` VALUES (1856, '新洲区', 206, 2);
INSERT INTO `city` VALUES (1857, '黄石港区', 207, 2);
INSERT INTO `city` VALUES (1858, '西塞山区', 207, 2);
INSERT INTO `city` VALUES (1859, '下陆区', 207, 2);
INSERT INTO `city` VALUES (1860, '铁山区', 207, 2);
INSERT INTO `city` VALUES (1861, '阳新县', 207, 2);
INSERT INTO `city` VALUES (1862, '大冶市', 207, 2);
INSERT INTO `city` VALUES (1863, '茅箭区', 208, 2);
INSERT INTO `city` VALUES (1864, '张湾区', 208, 2);
INSERT INTO `city` VALUES (1865, '郧阳区', 208, 2);
INSERT INTO `city` VALUES (1866, '郧西县', 208, 2);
INSERT INTO `city` VALUES (1867, '竹山县', 208, 2);
INSERT INTO `city` VALUES (1868, '竹溪县', 208, 2);
INSERT INTO `city` VALUES (1869, '房县', 208, 2);
INSERT INTO `city` VALUES (1870, '丹江口市', 208, 2);
INSERT INTO `city` VALUES (1871, '西陵区', 209, 2);
INSERT INTO `city` VALUES (1872, '伍家岗区', 209, 2);
INSERT INTO `city` VALUES (1873, '点军区', 209, 2);
INSERT INTO `city` VALUES (1874, '猇亭区', 209, 2);
INSERT INTO `city` VALUES (1875, '夷陵区', 209, 2);
INSERT INTO `city` VALUES (1876, '远安县', 209, 2);
INSERT INTO `city` VALUES (1877, '兴山县', 209, 2);
INSERT INTO `city` VALUES (1878, '秭归县', 209, 2);
INSERT INTO `city` VALUES (1879, '长阳土家族自治县', 209, 2);
INSERT INTO `city` VALUES (1880, '五峰土家族自治县', 209, 2);
INSERT INTO `city` VALUES (1881, '宜都市', 209, 2);
INSERT INTO `city` VALUES (1882, '当阳市', 209, 2);
INSERT INTO `city` VALUES (1883, '枝江市', 209, 2);
INSERT INTO `city` VALUES (1884, '襄城区', 210, 2);
INSERT INTO `city` VALUES (1885, '樊城区', 210, 2);
INSERT INTO `city` VALUES (1886, '襄州区', 210, 2);
INSERT INTO `city` VALUES (1887, '南漳县', 210, 2);
INSERT INTO `city` VALUES (1888, '谷城县', 210, 2);
INSERT INTO `city` VALUES (1889, '保康县', 210, 2);
INSERT INTO `city` VALUES (1890, '老河口市', 210, 2);
INSERT INTO `city` VALUES (1891, '枣阳市', 210, 2);
INSERT INTO `city` VALUES (1892, '宜城市', 210, 2);
INSERT INTO `city` VALUES (1893, '梁子湖区', 211, 2);
INSERT INTO `city` VALUES (1894, '华容区', 211, 2);
INSERT INTO `city` VALUES (1895, '鄂城区', 211, 2);
INSERT INTO `city` VALUES (1896, '东宝区', 212, 2);
INSERT INTO `city` VALUES (1897, '掇刀区', 212, 2);
INSERT INTO `city` VALUES (1898, '京山县', 212, 2);
INSERT INTO `city` VALUES (1899, '沙洋县', 212, 2);
INSERT INTO `city` VALUES (1900, '钟祥市', 212, 2);
INSERT INTO `city` VALUES (1901, '孝南区', 213, 2);
INSERT INTO `city` VALUES (1902, '孝昌县', 213, 2);
INSERT INTO `city` VALUES (1903, '大悟县', 213, 2);
INSERT INTO `city` VALUES (1904, '云梦县', 213, 2);
INSERT INTO `city` VALUES (1905, '应城市', 213, 2);
INSERT INTO `city` VALUES (1906, '安陆市', 213, 2);
INSERT INTO `city` VALUES (1907, '汉川市', 213, 2);
INSERT INTO `city` VALUES (1908, '沙市区', 214, 2);
INSERT INTO `city` VALUES (1909, '荆州区', 214, 2);
INSERT INTO `city` VALUES (1910, '公安县', 214, 2);
INSERT INTO `city` VALUES (1911, '监利县', 214, 2);
INSERT INTO `city` VALUES (1912, '江陵县', 214, 2);
INSERT INTO `city` VALUES (1913, '石首市', 214, 2);
INSERT INTO `city` VALUES (1914, '洪湖市', 214, 2);
INSERT INTO `city` VALUES (1915, '松滋市', 214, 2);
INSERT INTO `city` VALUES (1916, '黄州区', 215, 2);
INSERT INTO `city` VALUES (1917, '团风县', 215, 2);
INSERT INTO `city` VALUES (1918, '红安县', 215, 2);
INSERT INTO `city` VALUES (1919, '罗田县', 215, 2);
INSERT INTO `city` VALUES (1920, '英山县', 215, 2);
INSERT INTO `city` VALUES (1921, '浠水县', 215, 2);
INSERT INTO `city` VALUES (1922, '蕲春县', 215, 2);
INSERT INTO `city` VALUES (1923, '黄梅县', 215, 2);
INSERT INTO `city` VALUES (1924, '麻城市', 215, 2);
INSERT INTO `city` VALUES (1925, '武穴市', 215, 2);
INSERT INTO `city` VALUES (1926, '咸安区', 216, 2);
INSERT INTO `city` VALUES (1927, '嘉鱼县', 216, 2);
INSERT INTO `city` VALUES (1928, '通城县', 216, 2);
INSERT INTO `city` VALUES (1929, '崇阳县', 216, 2);
INSERT INTO `city` VALUES (1930, '通山县', 216, 2);
INSERT INTO `city` VALUES (1931, '赤壁市', 216, 2);
INSERT INTO `city` VALUES (1932, '曾都区', 217, 2);
INSERT INTO `city` VALUES (1933, '随县', 217, 2);
INSERT INTO `city` VALUES (1934, '广水市', 217, 2);
INSERT INTO `city` VALUES (1935, '恩施市', 218, 2);
INSERT INTO `city` VALUES (1936, '利川市', 218, 2);
INSERT INTO `city` VALUES (1937, '建始县', 218, 2);
INSERT INTO `city` VALUES (1938, '巴东县', 218, 2);
INSERT INTO `city` VALUES (1939, '宣恩县', 218, 2);
INSERT INTO `city` VALUES (1940, '咸丰县', 218, 2);
INSERT INTO `city` VALUES (1941, '来凤县', 218, 2);
INSERT INTO `city` VALUES (1942, '鹤峰县', 218, 2);
INSERT INTO `city` VALUES (1943, '仙桃市', 219, 2);
INSERT INTO `city` VALUES (1944, '潜江市', 219, 2);
INSERT INTO `city` VALUES (1945, '天门市', 219, 2);
INSERT INTO `city` VALUES (1946, '神农架林区', 219, 2);
INSERT INTO `city` VALUES (1947, '芙蓉区', 220, 2);
INSERT INTO `city` VALUES (1948, '天心区', 220, 2);
INSERT INTO `city` VALUES (1949, '岳麓区', 220, 2);
INSERT INTO `city` VALUES (1950, '开福区', 220, 2);
INSERT INTO `city` VALUES (1951, '雨花区', 220, 2);
INSERT INTO `city` VALUES (1952, '望城区', 220, 2);
INSERT INTO `city` VALUES (1953, '长沙县', 220, 2);
INSERT INTO `city` VALUES (1954, '宁乡县', 220, 2);
INSERT INTO `city` VALUES (1955, '浏阳市', 220, 2);
INSERT INTO `city` VALUES (1956, '荷塘区', 221, 2);
INSERT INTO `city` VALUES (1957, '芦淞区', 221, 2);
INSERT INTO `city` VALUES (1958, '石峰区', 221, 2);
INSERT INTO `city` VALUES (1959, '天元区', 221, 2);
INSERT INTO `city` VALUES (1960, '株洲县', 221, 2);
INSERT INTO `city` VALUES (1961, '攸县', 221, 2);
INSERT INTO `city` VALUES (1962, '茶陵县', 221, 2);
INSERT INTO `city` VALUES (1963, '炎陵县', 221, 2);
INSERT INTO `city` VALUES (1964, '醴陵市', 221, 2);
INSERT INTO `city` VALUES (1965, '雨湖区', 222, 2);
INSERT INTO `city` VALUES (1966, '岳塘区', 222, 2);
INSERT INTO `city` VALUES (1967, '湘潭县', 222, 2);
INSERT INTO `city` VALUES (1968, '湘乡市', 222, 2);
INSERT INTO `city` VALUES (1969, '韶山市', 222, 2);
INSERT INTO `city` VALUES (1970, '珠晖区', 223, 2);
INSERT INTO `city` VALUES (1971, '雁峰区', 223, 2);
INSERT INTO `city` VALUES (1972, '石鼓区', 223, 2);
INSERT INTO `city` VALUES (1973, '蒸湘区', 223, 2);
INSERT INTO `city` VALUES (1974, '南岳区', 223, 2);
INSERT INTO `city` VALUES (1975, '衡阳县', 223, 2);
INSERT INTO `city` VALUES (1976, '衡南县', 223, 2);
INSERT INTO `city` VALUES (1977, '衡山县', 223, 2);
INSERT INTO `city` VALUES (1978, '衡东县', 223, 2);
INSERT INTO `city` VALUES (1979, '祁东县', 223, 2);
INSERT INTO `city` VALUES (1980, '耒阳市', 223, 2);
INSERT INTO `city` VALUES (1981, '常宁市', 223, 2);
INSERT INTO `city` VALUES (1982, '双清区', 224, 2);
INSERT INTO `city` VALUES (1983, '大祥区', 224, 2);
INSERT INTO `city` VALUES (1984, '北塔区', 224, 2);
INSERT INTO `city` VALUES (1985, '邵东县', 224, 2);
INSERT INTO `city` VALUES (1986, '新邵县', 224, 2);
INSERT INTO `city` VALUES (1987, '邵阳县', 224, 2);
INSERT INTO `city` VALUES (1988, '隆回县', 224, 2);
INSERT INTO `city` VALUES (1989, '洞口县', 224, 2);
INSERT INTO `city` VALUES (1990, '绥宁县', 224, 2);
INSERT INTO `city` VALUES (1991, '新宁县', 224, 2);
INSERT INTO `city` VALUES (1992, '城步苗族自治县', 224, 2);
INSERT INTO `city` VALUES (1993, '武冈市', 224, 2);
INSERT INTO `city` VALUES (1994, '岳阳楼区', 225, 2);
INSERT INTO `city` VALUES (1995, '云溪区', 225, 2);
INSERT INTO `city` VALUES (1996, '君山区', 225, 2);
INSERT INTO `city` VALUES (1997, '岳阳县', 225, 2);
INSERT INTO `city` VALUES (1998, '华容县', 225, 2);
INSERT INTO `city` VALUES (1999, '湘阴县', 225, 2);
INSERT INTO `city` VALUES (2000, '平江县', 225, 2);
INSERT INTO `city` VALUES (2001, '汨罗市', 225, 2);
INSERT INTO `city` VALUES (2002, '临湘市', 225, 2);
INSERT INTO `city` VALUES (2003, '武陵区', 226, 2);
INSERT INTO `city` VALUES (2004, '鼎城区', 226, 2);
INSERT INTO `city` VALUES (2005, '安乡县', 226, 2);
INSERT INTO `city` VALUES (2006, '汉寿县', 226, 2);
INSERT INTO `city` VALUES (2007, '澧县', 226, 2);
INSERT INTO `city` VALUES (2008, '临澧县', 226, 2);
INSERT INTO `city` VALUES (2009, '桃源县', 226, 2);
INSERT INTO `city` VALUES (2010, '石门县', 226, 2);
INSERT INTO `city` VALUES (2011, '津市市', 226, 2);
INSERT INTO `city` VALUES (2012, '永定区', 227, 2);
INSERT INTO `city` VALUES (2013, '武陵源区', 227, 2);
INSERT INTO `city` VALUES (2014, '慈利县', 227, 2);
INSERT INTO `city` VALUES (2015, '桑植县', 227, 2);
INSERT INTO `city` VALUES (2016, '资阳区', 228, 2);
INSERT INTO `city` VALUES (2017, '赫山区', 228, 2);
INSERT INTO `city` VALUES (2018, '南县', 228, 2);
INSERT INTO `city` VALUES (2019, '桃江县', 228, 2);
INSERT INTO `city` VALUES (2020, '安化县', 228, 2);
INSERT INTO `city` VALUES (2021, '沅江市', 228, 2);
INSERT INTO `city` VALUES (2022, '北湖区', 229, 2);
INSERT INTO `city` VALUES (2023, '苏仙区', 229, 2);
INSERT INTO `city` VALUES (2024, '桂阳县', 229, 2);
INSERT INTO `city` VALUES (2025, '宜章县', 229, 2);
INSERT INTO `city` VALUES (2026, '永兴县', 229, 2);
INSERT INTO `city` VALUES (2027, '嘉禾县', 229, 2);
INSERT INTO `city` VALUES (2028, '临武县', 229, 2);
INSERT INTO `city` VALUES (2029, '汝城县', 229, 2);
INSERT INTO `city` VALUES (2030, '桂东县', 229, 2);
INSERT INTO `city` VALUES (2031, '安仁县', 229, 2);
INSERT INTO `city` VALUES (2032, '资兴市', 229, 2);
INSERT INTO `city` VALUES (2033, '零陵区', 230, 2);
INSERT INTO `city` VALUES (2034, '冷水滩区', 230, 2);
INSERT INTO `city` VALUES (2035, '祁阳县', 230, 2);
INSERT INTO `city` VALUES (2036, '东安县', 230, 2);
INSERT INTO `city` VALUES (2037, '双牌县', 230, 2);
INSERT INTO `city` VALUES (2038, '道县', 230, 2);
INSERT INTO `city` VALUES (2039, '江永县', 230, 2);
INSERT INTO `city` VALUES (2040, '宁远县', 230, 2);
INSERT INTO `city` VALUES (2041, '蓝山县', 230, 2);
INSERT INTO `city` VALUES (2042, '新田县', 230, 2);
INSERT INTO `city` VALUES (2043, '江华瑶族自治县', 230, 2);
INSERT INTO `city` VALUES (2044, '鹤城区', 231, 2);
INSERT INTO `city` VALUES (2045, '中方县', 231, 2);
INSERT INTO `city` VALUES (2046, '沅陵县', 231, 2);
INSERT INTO `city` VALUES (2047, '辰溪县', 231, 2);
INSERT INTO `city` VALUES (2048, '溆浦县', 231, 2);
INSERT INTO `city` VALUES (2049, '会同县', 231, 2);
INSERT INTO `city` VALUES (2050, '麻阳苗族自治县', 231, 2);
INSERT INTO `city` VALUES (2051, '新晃侗族自治县', 231, 2);
INSERT INTO `city` VALUES (2052, '芷江侗族自治县', 231, 2);
INSERT INTO `city` VALUES (2053, '靖州苗族侗族自治县', 231, 2);
INSERT INTO `city` VALUES (2054, '通道侗族自治县', 231, 2);
INSERT INTO `city` VALUES (2055, '洪江市', 231, 2);
INSERT INTO `city` VALUES (2056, '娄星区', 232, 2);
INSERT INTO `city` VALUES (2057, '双峰县', 232, 2);
INSERT INTO `city` VALUES (2058, '新化县', 232, 2);
INSERT INTO `city` VALUES (2059, '冷水江市', 232, 2);
INSERT INTO `city` VALUES (2060, '涟源市', 232, 2);
INSERT INTO `city` VALUES (2061, '吉首市', 233, 2);
INSERT INTO `city` VALUES (2062, '泸溪县', 233, 2);
INSERT INTO `city` VALUES (2063, '凤凰县', 233, 2);
INSERT INTO `city` VALUES (2064, '花垣县', 233, 2);
INSERT INTO `city` VALUES (2065, '保靖县', 233, 2);
INSERT INTO `city` VALUES (2066, '古丈县', 233, 2);
INSERT INTO `city` VALUES (2067, '永顺县', 233, 2);
INSERT INTO `city` VALUES (2068, '龙山县', 233, 2);
INSERT INTO `city` VALUES (2069, '荔湾区', 234, 2);
INSERT INTO `city` VALUES (2070, '越秀区', 234, 2);
INSERT INTO `city` VALUES (2071, '海珠区', 234, 2);
INSERT INTO `city` VALUES (2072, '天河区', 234, 2);
INSERT INTO `city` VALUES (2073, '白云区', 234, 2);
INSERT INTO `city` VALUES (2074, '黄埔区', 234, 2);
INSERT INTO `city` VALUES (2075, '番禺区', 234, 2);
INSERT INTO `city` VALUES (2076, '花都区', 234, 2);
INSERT INTO `city` VALUES (2077, '南沙区', 234, 2);
INSERT INTO `city` VALUES (2078, '萝岗区', 234, 2);
INSERT INTO `city` VALUES (2079, '从化区', 234, 2);
INSERT INTO `city` VALUES (2080, '增城区', 234, 2);
INSERT INTO `city` VALUES (2081, '武江区', 235, 2);
INSERT INTO `city` VALUES (2082, '浈江区', 235, 2);
INSERT INTO `city` VALUES (2083, '曲江区', 235, 2);
INSERT INTO `city` VALUES (2084, '始兴县', 235, 2);
INSERT INTO `city` VALUES (2085, '仁化县', 235, 2);
INSERT INTO `city` VALUES (2086, '翁源县', 235, 2);
INSERT INTO `city` VALUES (2087, '乳源瑶族自治县', 235, 2);
INSERT INTO `city` VALUES (2088, '新丰县', 235, 2);
INSERT INTO `city` VALUES (2089, '乐昌市', 235, 2);
INSERT INTO `city` VALUES (2090, '南雄市', 235, 2);
INSERT INTO `city` VALUES (2091, '罗湖区', 236, 2);
INSERT INTO `city` VALUES (2092, '福田区', 236, 2);
INSERT INTO `city` VALUES (2093, '宝安区', 236, 2);
INSERT INTO `city` VALUES (2094, '龙岗区', 236, 2);
INSERT INTO `city` VALUES (2095, '盐田区', 236, 2);
INSERT INTO `city` VALUES (2096, '香洲区', 237, 2);
INSERT INTO `city` VALUES (2097, '斗门区', 237, 2);
INSERT INTO `city` VALUES (2098, '金湾区', 237, 2);
INSERT INTO `city` VALUES (2099, '龙湖区', 238, 2);
INSERT INTO `city` VALUES (2100, '金平区', 238, 2);
INSERT INTO `city` VALUES (2101, '濠江区', 238, 2);
INSERT INTO `city` VALUES (2102, '潮阳区', 238, 2);
INSERT INTO `city` VALUES (2103, '潮南区', 238, 2);
INSERT INTO `city` VALUES (2104, '澄海区', 238, 2);
INSERT INTO `city` VALUES (2105, '南澳县', 238, 2);
INSERT INTO `city` VALUES (2106, '禅城区', 239, 2);
INSERT INTO `city` VALUES (2107, '南海区', 239, 2);
INSERT INTO `city` VALUES (2108, '顺德区', 239, 2);
INSERT INTO `city` VALUES (2109, '三水区', 239, 2);
INSERT INTO `city` VALUES (2110, '高明区', 239, 2);
INSERT INTO `city` VALUES (2111, '蓬江区', 240, 2);
INSERT INTO `city` VALUES (2112, '江海区', 240, 2);
INSERT INTO `city` VALUES (2113, '新会区', 240, 2);
INSERT INTO `city` VALUES (2114, '台山市', 240, 2);
INSERT INTO `city` VALUES (2115, '开平市', 240, 2);
INSERT INTO `city` VALUES (2116, '鹤山市', 240, 2);
INSERT INTO `city` VALUES (2117, '恩平市', 240, 2);
INSERT INTO `city` VALUES (2118, '赤坎区', 241, 2);
INSERT INTO `city` VALUES (2119, '霞山区', 241, 2);
INSERT INTO `city` VALUES (2120, '坡头区', 241, 2);
INSERT INTO `city` VALUES (2121, '麻章区', 241, 2);
INSERT INTO `city` VALUES (2122, '遂溪县', 241, 2);
INSERT INTO `city` VALUES (2123, '徐闻县', 241, 2);
INSERT INTO `city` VALUES (2124, '廉江市', 241, 2);
INSERT INTO `city` VALUES (2125, '雷州市', 241, 2);
INSERT INTO `city` VALUES (2126, '吴川市', 241, 2);
INSERT INTO `city` VALUES (2127, '茂南区', 242, 2);
INSERT INTO `city` VALUES (2128, '电白区', 242, 2);
INSERT INTO `city` VALUES (2129, '高州市', 242, 2);
INSERT INTO `city` VALUES (2130, '化州市', 242, 2);
INSERT INTO `city` VALUES (2131, '信宜市', 242, 2);
INSERT INTO `city` VALUES (2132, '端州区', 243, 2);
INSERT INTO `city` VALUES (2133, '鼎湖区', 243, 2);
INSERT INTO `city` VALUES (2134, '广宁县', 243, 2);
INSERT INTO `city` VALUES (2135, '怀集县', 243, 2);
INSERT INTO `city` VALUES (2136, '封开县', 243, 2);
INSERT INTO `city` VALUES (2137, '德庆县', 243, 2);
INSERT INTO `city` VALUES (2138, '高要市', 243, 2);
INSERT INTO `city` VALUES (2139, '四会市', 243, 2);
INSERT INTO `city` VALUES (2140, '惠城区', 244, 2);
INSERT INTO `city` VALUES (2141, '惠阳区', 244, 2);
INSERT INTO `city` VALUES (2142, '博罗县', 244, 2);
INSERT INTO `city` VALUES (2143, '惠东县', 244, 2);
INSERT INTO `city` VALUES (2144, '龙门县', 244, 2);
INSERT INTO `city` VALUES (2145, '梅江区', 245, 2);
INSERT INTO `city` VALUES (2146, '梅县区', 245, 2);
INSERT INTO `city` VALUES (2147, '大埔县', 245, 2);
INSERT INTO `city` VALUES (2148, '丰顺县', 245, 2);
INSERT INTO `city` VALUES (2149, '五华县', 245, 2);
INSERT INTO `city` VALUES (2150, '平远县', 245, 2);
INSERT INTO `city` VALUES (2151, '蕉岭县', 245, 2);
INSERT INTO `city` VALUES (2152, '兴宁市', 245, 2);
INSERT INTO `city` VALUES (2153, '海丰县', 246, 2);
INSERT INTO `city` VALUES (2154, '陆河县', 246, 2);
INSERT INTO `city` VALUES (2155, '陆丰市', 246, 2);
INSERT INTO `city` VALUES (2156, '源城区', 247, 2);
INSERT INTO `city` VALUES (2157, '紫金县', 247, 2);
INSERT INTO `city` VALUES (2158, '龙川县', 247, 2);
INSERT INTO `city` VALUES (2159, '连平县', 247, 2);
INSERT INTO `city` VALUES (2160, '和平县', 247, 2);
INSERT INTO `city` VALUES (2161, '东源县', 247, 2);
INSERT INTO `city` VALUES (2162, '江城区', 248, 2);
INSERT INTO `city` VALUES (2163, '阳西县', 248, 2);
INSERT INTO `city` VALUES (2164, '阳东县', 248, 2);
INSERT INTO `city` VALUES (2165, '阳春市', 248, 2);
INSERT INTO `city` VALUES (2166, '清城区', 249, 2);
INSERT INTO `city` VALUES (2167, '清新区', 249, 2);
INSERT INTO `city` VALUES (2168, '佛冈县', 249, 2);
INSERT INTO `city` VALUES (2169, '阳山县', 249, 2);
INSERT INTO `city` VALUES (2170, '连山壮族瑶族自治县', 249, 2);
INSERT INTO `city` VALUES (2171, '连南瑶族自治县', 249, 2);
INSERT INTO `city` VALUES (2172, '英德市', 249, 2);
INSERT INTO `city` VALUES (2173, '连州市', 249, 2);
INSERT INTO `city` VALUES (2174, '湘桥区', 252, 2);
INSERT INTO `city` VALUES (2175, '潮安区', 252, 2);
INSERT INTO `city` VALUES (2176, '饶平县', 252, 2);
INSERT INTO `city` VALUES (2177, '榕城区', 253, 2);
INSERT INTO `city` VALUES (2178, '揭东区', 253, 2);
INSERT INTO `city` VALUES (2179, '揭西县', 253, 2);
INSERT INTO `city` VALUES (2180, '惠来县', 253, 2);
INSERT INTO `city` VALUES (2181, '普宁市', 253, 2);
INSERT INTO `city` VALUES (2182, '云城区', 254, 2);
INSERT INTO `city` VALUES (2183, '云安区', 254, 2);
INSERT INTO `city` VALUES (2184, '新兴县', 254, 2);
INSERT INTO `city` VALUES (2185, '郁南县', 254, 2);
INSERT INTO `city` VALUES (2186, '罗定市', 254, 2);
INSERT INTO `city` VALUES (2187, '兴宁区', 255, 2);
INSERT INTO `city` VALUES (2188, '青秀区', 255, 2);
INSERT INTO `city` VALUES (2189, '江南区', 255, 2);
INSERT INTO `city` VALUES (2190, '西乡塘区', 255, 2);
INSERT INTO `city` VALUES (2191, '良庆区', 255, 2);
INSERT INTO `city` VALUES (2192, '邕宁区', 255, 2);
INSERT INTO `city` VALUES (2193, '武鸣县', 255, 2);
INSERT INTO `city` VALUES (2194, '隆安县', 255, 2);
INSERT INTO `city` VALUES (2195, '马山县', 255, 2);
INSERT INTO `city` VALUES (2196, '上林县', 255, 2);
INSERT INTO `city` VALUES (2197, '宾阳县', 255, 2);
INSERT INTO `city` VALUES (2198, '横县', 255, 2);
INSERT INTO `city` VALUES (2199, '城中区', 256, 2);
INSERT INTO `city` VALUES (2200, '鱼峰区', 256, 2);
INSERT INTO `city` VALUES (2201, '柳南区', 256, 2);
INSERT INTO `city` VALUES (2202, '柳北区', 256, 2);
INSERT INTO `city` VALUES (2203, '柳江县', 256, 2);
INSERT INTO `city` VALUES (2204, '柳城县', 256, 2);
INSERT INTO `city` VALUES (2205, '鹿寨县', 256, 2);
INSERT INTO `city` VALUES (2206, '融安县', 256, 2);
INSERT INTO `city` VALUES (2207, '融水苗族自治县', 256, 2);
INSERT INTO `city` VALUES (2208, '三江侗族自治县', 256, 2);
INSERT INTO `city` VALUES (2209, '秀峰区', 257, 2);
INSERT INTO `city` VALUES (2210, '叠彩区', 257, 2);
INSERT INTO `city` VALUES (2211, '象山区', 257, 2);
INSERT INTO `city` VALUES (2212, '七星区', 257, 2);
INSERT INTO `city` VALUES (2213, '雁山区', 257, 2);
INSERT INTO `city` VALUES (2214, '临桂区', 257, 2);
INSERT INTO `city` VALUES (2215, '阳朔县', 257, 2);
INSERT INTO `city` VALUES (2216, '灵川县', 257, 2);
INSERT INTO `city` VALUES (2217, '全州县', 257, 2);
INSERT INTO `city` VALUES (2218, '兴安县', 257, 2);
INSERT INTO `city` VALUES (2219, '永福县', 257, 2);
INSERT INTO `city` VALUES (2220, '灌阳县', 257, 2);
INSERT INTO `city` VALUES (2221, '龙胜各族自治县', 257, 2);
INSERT INTO `city` VALUES (2222, '资源县', 257, 2);
INSERT INTO `city` VALUES (2223, '平乐县', 257, 2);
INSERT INTO `city` VALUES (2224, '荔浦县', 257, 2);
INSERT INTO `city` VALUES (2225, '恭城瑶族自治县', 257, 2);
INSERT INTO `city` VALUES (2226, '万秀区', 258, 2);
INSERT INTO `city` VALUES (2227, '长洲区', 258, 2);
INSERT INTO `city` VALUES (2228, '龙圩区', 258, 2);
INSERT INTO `city` VALUES (2229, '苍梧县', 258, 2);
INSERT INTO `city` VALUES (2230, '藤县', 258, 2);
INSERT INTO `city` VALUES (2231, '蒙山县', 258, 2);
INSERT INTO `city` VALUES (2232, '岑溪市', 258, 2);
INSERT INTO `city` VALUES (2233, '海城区', 259, 2);
INSERT INTO `city` VALUES (2234, '银海区', 259, 2);
INSERT INTO `city` VALUES (2235, '铁山港区', 259, 2);
INSERT INTO `city` VALUES (2236, '合浦县', 259, 2);
INSERT INTO `city` VALUES (2237, '港口区', 260, 2);
INSERT INTO `city` VALUES (2238, '防城区', 260, 2);
INSERT INTO `city` VALUES (2239, '上思县', 260, 2);
INSERT INTO `city` VALUES (2240, '东兴市', 260, 2);
INSERT INTO `city` VALUES (2241, '钦南区', 261, 2);
INSERT INTO `city` VALUES (2242, '钦北区', 261, 2);
INSERT INTO `city` VALUES (2243, '灵山县', 261, 2);
INSERT INTO `city` VALUES (2244, '浦北县', 261, 2);
INSERT INTO `city` VALUES (2245, '港北区', 262, 2);
INSERT INTO `city` VALUES (2246, '港南区', 262, 2);
INSERT INTO `city` VALUES (2247, '覃塘区', 262, 2);
INSERT INTO `city` VALUES (2248, '平南县', 262, 2);
INSERT INTO `city` VALUES (2249, '桂平市', 262, 2);
INSERT INTO `city` VALUES (2250, '玉州区', 263, 2);
INSERT INTO `city` VALUES (2251, '福绵区', 263, 2);
INSERT INTO `city` VALUES (2252, '容县', 263, 2);
INSERT INTO `city` VALUES (2253, '陆川县', 263, 2);
INSERT INTO `city` VALUES (2254, '博白县', 263, 2);
INSERT INTO `city` VALUES (2255, '兴业县', 263, 2);
INSERT INTO `city` VALUES (2256, '北流市', 263, 2);
INSERT INTO `city` VALUES (2257, '右江区', 264, 2);
INSERT INTO `city` VALUES (2258, '田阳县', 264, 2);
INSERT INTO `city` VALUES (2259, '田东县', 264, 2);
INSERT INTO `city` VALUES (2260, '平果县', 264, 2);
INSERT INTO `city` VALUES (2261, '德保县', 264, 2);
INSERT INTO `city` VALUES (2262, '靖西县', 264, 2);
INSERT INTO `city` VALUES (2263, '那坡县', 264, 2);
INSERT INTO `city` VALUES (2264, '凌云县', 264, 2);
INSERT INTO `city` VALUES (2265, '乐业县', 264, 2);
INSERT INTO `city` VALUES (2266, '田林县', 264, 2);
INSERT INTO `city` VALUES (2267, '西林县', 264, 2);
INSERT INTO `city` VALUES (2268, '隆林各族自治县', 264, 2);
INSERT INTO `city` VALUES (2269, '八步区', 265, 2);
INSERT INTO `city` VALUES (2270, '昭平县', 265, 2);
INSERT INTO `city` VALUES (2271, '钟山县', 265, 2);
INSERT INTO `city` VALUES (2272, '富川瑶族自治县', 265, 2);
INSERT INTO `city` VALUES (2273, '金城江区', 266, 2);
INSERT INTO `city` VALUES (2274, '南丹县', 266, 2);
INSERT INTO `city` VALUES (2275, '天峨县', 266, 2);
INSERT INTO `city` VALUES (2276, '凤山县', 266, 2);
INSERT INTO `city` VALUES (2277, '东兰县', 266, 2);
INSERT INTO `city` VALUES (2278, '罗城仫佬族自治县', 266, 2);
INSERT INTO `city` VALUES (2279, '环江毛南族自治县', 266, 2);
INSERT INTO `city` VALUES (2280, '巴马瑶族自治县', 266, 2);
INSERT INTO `city` VALUES (2281, '都安瑶族自治县', 266, 2);
INSERT INTO `city` VALUES (2282, '大化瑶族自治县', 266, 2);
INSERT INTO `city` VALUES (2283, '宜州市', 266, 2);
INSERT INTO `city` VALUES (2284, '兴宾区', 267, 2);
INSERT INTO `city` VALUES (2285, '忻城县', 267, 2);
INSERT INTO `city` VALUES (2286, '象州县', 267, 2);
INSERT INTO `city` VALUES (2287, '武宣县', 267, 2);
INSERT INTO `city` VALUES (2288, '金秀瑶族自治县', 267, 2);
INSERT INTO `city` VALUES (2289, '合山市', 267, 2);
INSERT INTO `city` VALUES (2290, '江州区', 268, 2);
INSERT INTO `city` VALUES (2291, '扶绥县', 268, 2);
INSERT INTO `city` VALUES (2292, '宁明县', 268, 2);
INSERT INTO `city` VALUES (2293, '龙州县', 268, 2);
INSERT INTO `city` VALUES (2294, '大新县', 268, 2);
INSERT INTO `city` VALUES (2295, '天等县', 268, 2);
INSERT INTO `city` VALUES (2296, '凭祥市', 268, 2);
INSERT INTO `city` VALUES (2297, '秀英区', 269, 2);
INSERT INTO `city` VALUES (2298, '龙华区', 269, 2);
INSERT INTO `city` VALUES (2299, '琼山区', 269, 2);
INSERT INTO `city` VALUES (2300, '美兰区', 269, 2);
INSERT INTO `city` VALUES (2301, '海棠区', 270, 2);
INSERT INTO `city` VALUES (2302, '吉阳区', 270, 2);
INSERT INTO `city` VALUES (2303, '天涯区', 270, 2);
INSERT INTO `city` VALUES (2304, '崖州区', 270, 2);
INSERT INTO `city` VALUES (2305, '五指山市', 272, 2);
INSERT INTO `city` VALUES (2306, '琼海市', 272, 2);
INSERT INTO `city` VALUES (2307, '儋州市', 272, 2);
INSERT INTO `city` VALUES (2308, '文昌市', 272, 2);
INSERT INTO `city` VALUES (2309, '万宁市', 272, 2);
INSERT INTO `city` VALUES (2310, '东方市', 272, 2);
INSERT INTO `city` VALUES (2311, '定安县', 272, 2);
INSERT INTO `city` VALUES (2312, '屯昌县', 272, 2);
INSERT INTO `city` VALUES (2313, '澄迈县', 272, 2);
INSERT INTO `city` VALUES (2314, '临高县', 272, 2);
INSERT INTO `city` VALUES (2315, '白沙黎族自治县', 272, 2);
INSERT INTO `city` VALUES (2316, '昌江黎族自治县', 272, 2);
INSERT INTO `city` VALUES (2317, '乐东黎族自治县', 272, 2);
INSERT INTO `city` VALUES (2318, '陵水黎族自治县', 272, 2);
INSERT INTO `city` VALUES (2319, '保亭黎族苗族自治县', 272, 2);
INSERT INTO `city` VALUES (2320, '琼中黎族苗族自治县', 272, 2);
INSERT INTO `city` VALUES (2321, '万州区', 273, 2);
INSERT INTO `city` VALUES (2322, '涪陵区', 273, 2);
INSERT INTO `city` VALUES (2323, '渝中区', 273, 2);
INSERT INTO `city` VALUES (2324, '大渡口区', 273, 2);
INSERT INTO `city` VALUES (2325, '沙坪坝区', 273, 2);
INSERT INTO `city` VALUES (2326, '九龙坡区', 273, 2);
INSERT INTO `city` VALUES (2327, '南岸区', 273, 2);
INSERT INTO `city` VALUES (2328, '北碚区', 273, 2);
INSERT INTO `city` VALUES (2329, '綦江区', 273, 2);
INSERT INTO `city` VALUES (2330, '大足区', 273, 2);
INSERT INTO `city` VALUES (2331, '渝北区', 273, 2);
INSERT INTO `city` VALUES (2332, '巴南区', 273, 2);
INSERT INTO `city` VALUES (2333, '黔江区', 273, 2);
INSERT INTO `city` VALUES (2334, '长寿区', 273, 2);
INSERT INTO `city` VALUES (2335, '江津区', 273, 2);
INSERT INTO `city` VALUES (2336, '合川区', 273, 2);
INSERT INTO `city` VALUES (2337, '永川区', 273, 2);
INSERT INTO `city` VALUES (2338, '南川区', 273, 2);
INSERT INTO `city` VALUES (2339, '璧山区', 273, 2);
INSERT INTO `city` VALUES (2340, '铜梁区', 273, 2);
INSERT INTO `city` VALUES (2341, '潼南县', 274, 2);
INSERT INTO `city` VALUES (2342, '荣昌县', 274, 2);
INSERT INTO `city` VALUES (2343, '梁平县', 274, 2);
INSERT INTO `city` VALUES (2344, '城口县', 274, 2);
INSERT INTO `city` VALUES (2345, '丰都县', 274, 2);
INSERT INTO `city` VALUES (2346, '垫江县', 274, 2);
INSERT INTO `city` VALUES (2347, '武隆县', 274, 2);
INSERT INTO `city` VALUES (2348, '忠县', 274, 2);
INSERT INTO `city` VALUES (2349, '开县', 274, 2);
INSERT INTO `city` VALUES (2350, '云阳县', 274, 2);
INSERT INTO `city` VALUES (2351, '奉节县', 274, 2);
INSERT INTO `city` VALUES (2352, '巫山县', 274, 2);
INSERT INTO `city` VALUES (2353, '巫溪县', 274, 2);
INSERT INTO `city` VALUES (2354, '石柱土家族自治县', 274, 2);
INSERT INTO `city` VALUES (2355, '秀山土家族苗族自治县', 274, 2);
INSERT INTO `city` VALUES (2356, '酉阳土家族苗族自治县', 274, 2);
INSERT INTO `city` VALUES (2357, '彭水苗族土家族自治县', 274, 2);
INSERT INTO `city` VALUES (2358, '锦江区', 275, 2);
INSERT INTO `city` VALUES (2359, '青羊区', 275, 2);
INSERT INTO `city` VALUES (2360, '金牛区', 275, 2);
INSERT INTO `city` VALUES (2361, '武侯区', 275, 2);
INSERT INTO `city` VALUES (2362, '成华区', 275, 2);
INSERT INTO `city` VALUES (2363, '龙泉驿区', 275, 2);
INSERT INTO `city` VALUES (2364, '青白江区', 275, 2);
INSERT INTO `city` VALUES (2365, '新都区', 275, 2);
INSERT INTO `city` VALUES (2366, '温江区', 275, 2);
INSERT INTO `city` VALUES (2367, '金堂县', 275, 2);
INSERT INTO `city` VALUES (2368, '双流县', 275, 2);
INSERT INTO `city` VALUES (2369, '郫县', 275, 2);
INSERT INTO `city` VALUES (2370, '大邑县', 275, 2);
INSERT INTO `city` VALUES (2371, '蒲江县', 275, 2);
INSERT INTO `city` VALUES (2372, '新津县', 275, 2);
INSERT INTO `city` VALUES (2373, '都江堰市', 275, 2);
INSERT INTO `city` VALUES (2374, '彭州市', 275, 2);
INSERT INTO `city` VALUES (2375, '邛崃市', 275, 2);
INSERT INTO `city` VALUES (2376, '崇州市', 275, 2);
INSERT INTO `city` VALUES (2377, '自流井区', 276, 2);
INSERT INTO `city` VALUES (2378, '贡井区', 276, 2);
INSERT INTO `city` VALUES (2379, '大安区', 276, 2);
INSERT INTO `city` VALUES (2380, '沿滩区', 276, 2);
INSERT INTO `city` VALUES (2381, '荣县', 276, 2);
INSERT INTO `city` VALUES (2382, '富顺县', 276, 2);
INSERT INTO `city` VALUES (2383, '东区', 277, 2);
INSERT INTO `city` VALUES (2384, '西区', 277, 2);
INSERT INTO `city` VALUES (2385, '仁和区', 277, 2);
INSERT INTO `city` VALUES (2386, '米易县', 277, 2);
INSERT INTO `city` VALUES (2387, '盐边县', 277, 2);
INSERT INTO `city` VALUES (2388, '江阳区', 278, 2);
INSERT INTO `city` VALUES (2389, '纳溪区', 278, 2);
INSERT INTO `city` VALUES (2390, '龙马潭区', 278, 2);
INSERT INTO `city` VALUES (2391, '泸县', 278, 2);
INSERT INTO `city` VALUES (2392, '合江县', 278, 2);
INSERT INTO `city` VALUES (2393, '叙永县', 278, 2);
INSERT INTO `city` VALUES (2394, '古蔺县', 278, 2);
INSERT INTO `city` VALUES (2395, '旌阳区', 279, 2);
INSERT INTO `city` VALUES (2396, '中江县', 279, 2);
INSERT INTO `city` VALUES (2397, '罗江县', 279, 2);
INSERT INTO `city` VALUES (2398, '广汉市', 279, 2);
INSERT INTO `city` VALUES (2399, '什邡市', 279, 2);
INSERT INTO `city` VALUES (2400, '绵竹市', 279, 2);
INSERT INTO `city` VALUES (2401, '涪城区', 280, 2);
INSERT INTO `city` VALUES (2402, '游仙区', 280, 2);
INSERT INTO `city` VALUES (2403, '三台县', 280, 2);
INSERT INTO `city` VALUES (2404, '盐亭县', 280, 2);
INSERT INTO `city` VALUES (2405, '安县', 280, 2);
INSERT INTO `city` VALUES (2406, '梓潼县', 280, 2);
INSERT INTO `city` VALUES (2407, '北川羌族自治县', 280, 2);
INSERT INTO `city` VALUES (2408, '平武县', 280, 2);
INSERT INTO `city` VALUES (2409, '江油市', 280, 2);
INSERT INTO `city` VALUES (2410, '利州区', 281, 2);
INSERT INTO `city` VALUES (2411, '昭化区', 281, 2);
INSERT INTO `city` VALUES (2412, '朝天区', 281, 2);
INSERT INTO `city` VALUES (2413, '旺苍县', 281, 2);
INSERT INTO `city` VALUES (2414, '青川县', 281, 2);
INSERT INTO `city` VALUES (2415, '剑阁县', 281, 2);
INSERT INTO `city` VALUES (2416, '苍溪县', 281, 2);
INSERT INTO `city` VALUES (2417, '船山区', 282, 2);
INSERT INTO `city` VALUES (2418, '安居区', 282, 2);
INSERT INTO `city` VALUES (2419, '蓬溪县', 282, 2);
INSERT INTO `city` VALUES (2420, '射洪县', 282, 2);
INSERT INTO `city` VALUES (2421, '大英县', 282, 2);
INSERT INTO `city` VALUES (2422, '东兴区', 283, 2);
INSERT INTO `city` VALUES (2423, '威远县', 283, 2);
INSERT INTO `city` VALUES (2424, '资中县', 283, 2);
INSERT INTO `city` VALUES (2425, '隆昌县', 283, 2);
INSERT INTO `city` VALUES (2427, '市中区', 284, 2);
INSERT INTO `city` VALUES (2428, '沙湾区', 284, 2);
INSERT INTO `city` VALUES (2429, '五通桥区', 284, 2);
INSERT INTO `city` VALUES (2430, '金口河区', 284, 2);
INSERT INTO `city` VALUES (2431, '犍为县', 284, 2);
INSERT INTO `city` VALUES (2432, '井研县', 284, 2);
INSERT INTO `city` VALUES (2433, '夹江县', 284, 2);
INSERT INTO `city` VALUES (2434, '沐川县', 284, 2);
INSERT INTO `city` VALUES (2435, '峨边彝族自治县', 284, 2);
INSERT INTO `city` VALUES (2436, '马边彝族自治县', 284, 2);
INSERT INTO `city` VALUES (2437, '峨眉山市', 284, 2);
INSERT INTO `city` VALUES (2438, '顺庆区', 285, 2);
INSERT INTO `city` VALUES (2439, '高坪区', 285, 2);
INSERT INTO `city` VALUES (2440, '嘉陵区', 285, 2);
INSERT INTO `city` VALUES (2441, '南部县', 285, 2);
INSERT INTO `city` VALUES (2442, '营山县', 285, 2);
INSERT INTO `city` VALUES (2443, '蓬安县', 285, 2);
INSERT INTO `city` VALUES (2444, '仪陇县', 285, 2);
INSERT INTO `city` VALUES (2445, '西充县', 285, 2);
INSERT INTO `city` VALUES (2446, '阆中市', 285, 2);
INSERT INTO `city` VALUES (2447, '东坡区', 286, 2);
INSERT INTO `city` VALUES (2448, '仁寿县', 286, 2);
INSERT INTO `city` VALUES (2449, '彭山县', 286, 2);
INSERT INTO `city` VALUES (2450, '洪雅县', 286, 2);
INSERT INTO `city` VALUES (2451, '丹棱县', 286, 2);
INSERT INTO `city` VALUES (2452, '青神县', 286, 2);
INSERT INTO `city` VALUES (2453, '翠屏区', 287, 2);
INSERT INTO `city` VALUES (2454, '南溪区', 287, 2);
INSERT INTO `city` VALUES (2455, '宜宾县', 287, 2);
INSERT INTO `city` VALUES (2456, '江安县', 287, 2);
INSERT INTO `city` VALUES (2457, '长宁县', 287, 2);
INSERT INTO `city` VALUES (2458, '高县', 287, 2);
INSERT INTO `city` VALUES (2459, '珙县', 287, 2);
INSERT INTO `city` VALUES (2460, '筠连县', 287, 2);
INSERT INTO `city` VALUES (2461, '兴文县', 287, 2);
INSERT INTO `city` VALUES (2462, '屏山县', 287, 2);
INSERT INTO `city` VALUES (2463, '广安区', 288, 2);
INSERT INTO `city` VALUES (2464, '前锋区', 288, 2);
INSERT INTO `city` VALUES (2465, '岳池县', 288, 2);
INSERT INTO `city` VALUES (2466, '武胜县', 288, 2);
INSERT INTO `city` VALUES (2467, '邻水县', 288, 2);
INSERT INTO `city` VALUES (2468, '华蓥市', 288, 2);
INSERT INTO `city` VALUES (2469, '通川区', 289, 2);
INSERT INTO `city` VALUES (2470, '达川区', 289, 2);
INSERT INTO `city` VALUES (2471, '宣汉县', 289, 2);
INSERT INTO `city` VALUES (2472, '开江县', 289, 2);
INSERT INTO `city` VALUES (2473, '大竹县', 289, 2);
INSERT INTO `city` VALUES (2474, '渠县', 289, 2);
INSERT INTO `city` VALUES (2475, '万源市', 289, 2);
INSERT INTO `city` VALUES (2476, '雨城区', 290, 2);
INSERT INTO `city` VALUES (2477, '名山区', 290, 2);
INSERT INTO `city` VALUES (2478, '荥经县', 290, 2);
INSERT INTO `city` VALUES (2479, '汉源县', 290, 2);
INSERT INTO `city` VALUES (2480, '石棉县', 290, 2);
INSERT INTO `city` VALUES (2481, '天全县', 290, 2);
INSERT INTO `city` VALUES (2482, '芦山县', 290, 2);
INSERT INTO `city` VALUES (2483, '宝兴县', 290, 2);
INSERT INTO `city` VALUES (2484, '巴州区', 291, 2);
INSERT INTO `city` VALUES (2485, '恩阳区', 291, 2);
INSERT INTO `city` VALUES (2486, '通江县', 291, 2);
INSERT INTO `city` VALUES (2487, '南江县', 291, 2);
INSERT INTO `city` VALUES (2488, '平昌县', 291, 2);
INSERT INTO `city` VALUES (2489, '雁江区', 292, 2);
INSERT INTO `city` VALUES (2490, '安岳县', 292, 2);
INSERT INTO `city` VALUES (2491, '乐至县', 292, 2);
INSERT INTO `city` VALUES (2492, '简阳市', 292, 2);
INSERT INTO `city` VALUES (2493, '汶川县', 293, 2);
INSERT INTO `city` VALUES (2494, '理县', 293, 2);
INSERT INTO `city` VALUES (2495, '茂县', 293, 2);
INSERT INTO `city` VALUES (2496, '松潘县', 293, 2);
INSERT INTO `city` VALUES (2497, '九寨沟县', 293, 2);
INSERT INTO `city` VALUES (2498, '金川县', 293, 2);
INSERT INTO `city` VALUES (2499, '小金县', 293, 2);
INSERT INTO `city` VALUES (2500, '黑水县', 293, 2);
INSERT INTO `city` VALUES (2501, '马尔康县', 293, 2);
INSERT INTO `city` VALUES (2502, '壤塘县', 293, 2);
INSERT INTO `city` VALUES (2503, '阿坝县', 293, 2);
INSERT INTO `city` VALUES (2504, '若尔盖县', 293, 2);
INSERT INTO `city` VALUES (2505, '红原县', 293, 2);
INSERT INTO `city` VALUES (2506, '康定县', 294, 2);
INSERT INTO `city` VALUES (2507, '泸定县', 294, 2);
INSERT INTO `city` VALUES (2508, '丹巴县', 294, 2);
INSERT INTO `city` VALUES (2509, '九龙县', 294, 2);
INSERT INTO `city` VALUES (2510, '雅江县', 294, 2);
INSERT INTO `city` VALUES (2511, '道孚县', 294, 2);
INSERT INTO `city` VALUES (2512, '炉霍县', 294, 2);
INSERT INTO `city` VALUES (2513, '甘孜县', 294, 2);
INSERT INTO `city` VALUES (2514, '新龙县', 294, 2);
INSERT INTO `city` VALUES (2515, '德格县', 294, 2);
INSERT INTO `city` VALUES (2516, '白玉县', 294, 2);
INSERT INTO `city` VALUES (2517, '石渠县', 294, 2);
INSERT INTO `city` VALUES (2518, '色达县', 294, 2);
INSERT INTO `city` VALUES (2519, '理塘县', 294, 2);
INSERT INTO `city` VALUES (2520, '巴塘县', 294, 2);
INSERT INTO `city` VALUES (2521, '乡城县', 294, 2);
INSERT INTO `city` VALUES (2522, '稻城县', 294, 2);
INSERT INTO `city` VALUES (2523, '得荣县', 294, 2);
INSERT INTO `city` VALUES (2524, '西昌市', 295, 2);
INSERT INTO `city` VALUES (2525, '木里藏族自治县', 295, 2);
INSERT INTO `city` VALUES (2526, '盐源县', 295, 2);
INSERT INTO `city` VALUES (2527, '德昌县', 295, 2);
INSERT INTO `city` VALUES (2528, '会理县', 295, 2);
INSERT INTO `city` VALUES (2529, '会东县', 295, 2);
INSERT INTO `city` VALUES (2530, '宁南县', 295, 2);
INSERT INTO `city` VALUES (2531, '普格县', 295, 2);
INSERT INTO `city` VALUES (2532, '布拖县', 295, 2);
INSERT INTO `city` VALUES (2533, '金阳县', 295, 2);
INSERT INTO `city` VALUES (2534, '昭觉县', 295, 2);
INSERT INTO `city` VALUES (2535, '喜德县', 295, 2);
INSERT INTO `city` VALUES (2536, '冕宁县', 295, 2);
INSERT INTO `city` VALUES (2537, '越西县', 295, 2);
INSERT INTO `city` VALUES (2538, '甘洛县', 295, 2);
INSERT INTO `city` VALUES (2539, '美姑县', 295, 2);
INSERT INTO `city` VALUES (2540, '雷波县', 295, 2);
INSERT INTO `city` VALUES (2541, '南明区', 296, 2);
INSERT INTO `city` VALUES (2542, '云岩区', 296, 2);
INSERT INTO `city` VALUES (2543, '花溪区', 296, 2);
INSERT INTO `city` VALUES (2544, '乌当区', 296, 2);
INSERT INTO `city` VALUES (2545, '白云区', 296, 2);
INSERT INTO `city` VALUES (2546, '观山湖区', 296, 2);
INSERT INTO `city` VALUES (2547, '开阳县', 296, 2);
INSERT INTO `city` VALUES (2548, '息烽县', 296, 2);
INSERT INTO `city` VALUES (2549, '修文县', 296, 2);
INSERT INTO `city` VALUES (2550, '清镇市', 296, 2);
INSERT INTO `city` VALUES (2551, '钟山区', 297, 2);
INSERT INTO `city` VALUES (2552, '六枝特区', 297, 2);
INSERT INTO `city` VALUES (2553, '水城县', 297, 2);
INSERT INTO `city` VALUES (2554, '盘县', 297, 2);
INSERT INTO `city` VALUES (2555, '红花岗区', 298, 2);
INSERT INTO `city` VALUES (2556, '汇川区', 298, 2);
INSERT INTO `city` VALUES (2557, '遵义县', 298, 2);
INSERT INTO `city` VALUES (2558, '桐梓县', 298, 2);
INSERT INTO `city` VALUES (2559, '绥阳县', 298, 2);
INSERT INTO `city` VALUES (2560, '正安县', 298, 2);
INSERT INTO `city` VALUES (2561, '道真仡佬族苗族自治县', 298, 2);
INSERT INTO `city` VALUES (2562, '务川仡佬族苗族自治县', 298, 2);
INSERT INTO `city` VALUES (2563, '凤冈县', 298, 2);
INSERT INTO `city` VALUES (2564, '湄潭县', 298, 2);
INSERT INTO `city` VALUES (2565, '余庆县', 298, 2);
INSERT INTO `city` VALUES (2566, '习水县', 298, 2);
INSERT INTO `city` VALUES (2567, '赤水市', 298, 2);
INSERT INTO `city` VALUES (2568, '仁怀市', 298, 2);
INSERT INTO `city` VALUES (2569, '西秀区', 299, 2);
INSERT INTO `city` VALUES (2570, '平坝县', 299, 2);
INSERT INTO `city` VALUES (2571, '普定县', 299, 2);
INSERT INTO `city` VALUES (2572, '镇宁布依族苗族自治县', 299, 2);
INSERT INTO `city` VALUES (2573, '关岭布依族苗族自治县', 299, 2);
INSERT INTO `city` VALUES (2574, '紫云苗族布依族自治县', 299, 2);
INSERT INTO `city` VALUES (2575, '七星关区', 300, 2);
INSERT INTO `city` VALUES (2576, '大方县', 300, 2);
INSERT INTO `city` VALUES (2577, '黔西县', 300, 2);
INSERT INTO `city` VALUES (2578, '金沙县', 300, 2);
INSERT INTO `city` VALUES (2579, '织金县', 300, 2);
INSERT INTO `city` VALUES (2580, '纳雍县', 300, 2);
INSERT INTO `city` VALUES (2581, '威宁彝族回族苗族自治县', 300, 2);
INSERT INTO `city` VALUES (2582, '赫章县', 300, 2);
INSERT INTO `city` VALUES (2583, '碧江区', 301, 2);
INSERT INTO `city` VALUES (2584, '万山区', 301, 2);
INSERT INTO `city` VALUES (2585, '江口县', 301, 2);
INSERT INTO `city` VALUES (2586, '玉屏侗族自治县', 301, 2);
INSERT INTO `city` VALUES (2587, '石阡县', 301, 2);
INSERT INTO `city` VALUES (2588, '思南县', 301, 2);
INSERT INTO `city` VALUES (2589, '印江土家族苗族自治县', 301, 2);
INSERT INTO `city` VALUES (2590, '德江县', 301, 2);
INSERT INTO `city` VALUES (2591, '沿河土家族自治县', 301, 2);
INSERT INTO `city` VALUES (2592, '松桃苗族自治县', 301, 2);
INSERT INTO `city` VALUES (2593, '兴义市', 302, 2);
INSERT INTO `city` VALUES (2594, '兴仁县', 302, 2);
INSERT INTO `city` VALUES (2595, '普安县', 302, 2);
INSERT INTO `city` VALUES (2596, '晴隆县', 302, 2);
INSERT INTO `city` VALUES (2597, '贞丰县', 302, 2);
INSERT INTO `city` VALUES (2598, '望谟县', 302, 2);
INSERT INTO `city` VALUES (2599, '册亨县', 302, 2);
INSERT INTO `city` VALUES (2600, '安龙县', 302, 2);
INSERT INTO `city` VALUES (2601, '凯里市', 303, 2);
INSERT INTO `city` VALUES (2602, '黄平县', 303, 2);
INSERT INTO `city` VALUES (2603, '施秉县', 303, 2);
INSERT INTO `city` VALUES (2604, '三穗县', 303, 2);
INSERT INTO `city` VALUES (2605, '镇远县', 303, 2);
INSERT INTO `city` VALUES (2606, '岑巩县', 303, 2);
INSERT INTO `city` VALUES (2607, '天柱县', 303, 2);
INSERT INTO `city` VALUES (2608, '锦屏县', 303, 2);
INSERT INTO `city` VALUES (2609, '剑河县', 303, 2);
INSERT INTO `city` VALUES (2610, '台江县', 303, 2);
INSERT INTO `city` VALUES (2611, '黎平县', 303, 2);
INSERT INTO `city` VALUES (2612, '榕江县', 303, 2);
INSERT INTO `city` VALUES (2613, '从江县', 303, 2);
INSERT INTO `city` VALUES (2614, '雷山县', 303, 2);
INSERT INTO `city` VALUES (2615, '麻江县', 303, 2);
INSERT INTO `city` VALUES (2616, '丹寨县', 303, 2);
INSERT INTO `city` VALUES (2617, '都匀市', 304, 2);
INSERT INTO `city` VALUES (2618, '福泉市', 304, 2);
INSERT INTO `city` VALUES (2619, '荔波县', 304, 2);
INSERT INTO `city` VALUES (2620, '贵定县', 304, 2);
INSERT INTO `city` VALUES (2621, '瓮安县', 304, 2);
INSERT INTO `city` VALUES (2622, '独山县', 304, 2);
INSERT INTO `city` VALUES (2623, '平塘县', 304, 2);
INSERT INTO `city` VALUES (2624, '罗甸县', 304, 2);
INSERT INTO `city` VALUES (2625, '长顺县', 304, 2);
INSERT INTO `city` VALUES (2626, '龙里县', 304, 2);
INSERT INTO `city` VALUES (2627, '惠水县', 304, 2);
INSERT INTO `city` VALUES (2628, '三都水族自治县', 304, 2);
INSERT INTO `city` VALUES (2629, '五华区', 305, 2);
INSERT INTO `city` VALUES (2630, '盘龙区', 305, 2);
INSERT INTO `city` VALUES (2631, '官渡区', 305, 2);
INSERT INTO `city` VALUES (2632, '西山区', 305, 2);
INSERT INTO `city` VALUES (2633, '东川区', 305, 2);
INSERT INTO `city` VALUES (2634, '呈贡区', 305, 2);
INSERT INTO `city` VALUES (2635, '晋宁县', 305, 2);
INSERT INTO `city` VALUES (2636, '富民县', 305, 2);
INSERT INTO `city` VALUES (2637, '宜良县', 305, 2);
INSERT INTO `city` VALUES (2638, '石林彝族自治县', 305, 2);
INSERT INTO `city` VALUES (2639, '嵩明县', 305, 2);
INSERT INTO `city` VALUES (2640, '禄劝彝族苗族自治县', 305, 2);
INSERT INTO `city` VALUES (2641, '寻甸回族彝族自治县', 305, 2);
INSERT INTO `city` VALUES (2642, '安宁市', 305, 2);
INSERT INTO `city` VALUES (2643, '麒麟区', 306, 2);
INSERT INTO `city` VALUES (2644, '马龙县', 306, 2);
INSERT INTO `city` VALUES (2645, '陆良县', 306, 2);
INSERT INTO `city` VALUES (2646, '师宗县', 306, 2);
INSERT INTO `city` VALUES (2647, '罗平县', 306, 2);
INSERT INTO `city` VALUES (2648, '富源县', 306, 2);
INSERT INTO `city` VALUES (2649, '会泽县', 306, 2);
INSERT INTO `city` VALUES (2650, '沾益县', 306, 2);
INSERT INTO `city` VALUES (2651, '宣威市', 306, 2);
INSERT INTO `city` VALUES (2652, '红塔区', 307, 2);
INSERT INTO `city` VALUES (2653, '江川县', 307, 2);
INSERT INTO `city` VALUES (2654, '澄江县', 307, 2);
INSERT INTO `city` VALUES (2655, '通海县', 307, 2);
INSERT INTO `city` VALUES (2656, '华宁县', 307, 2);
INSERT INTO `city` VALUES (2657, '易门县', 307, 2);
INSERT INTO `city` VALUES (2658, '峨山彝族自治县', 307, 2);
INSERT INTO `city` VALUES (2659, '新平彝族傣族自治县', 307, 2);
INSERT INTO `city` VALUES (2660, '元江哈尼族彝族傣族自治县', 307, 2);
INSERT INTO `city` VALUES (2661, '隆阳区', 308, 2);
INSERT INTO `city` VALUES (2662, '施甸县', 308, 2);
INSERT INTO `city` VALUES (2663, '腾冲县', 308, 2);
INSERT INTO `city` VALUES (2664, '龙陵县', 308, 2);
INSERT INTO `city` VALUES (2665, '昌宁县', 308, 2);
INSERT INTO `city` VALUES (2666, '昭阳区', 309, 2);
INSERT INTO `city` VALUES (2667, '鲁甸县', 309, 2);
INSERT INTO `city` VALUES (2668, '巧家县', 309, 2);
INSERT INTO `city` VALUES (2669, '盐津县', 309, 2);
INSERT INTO `city` VALUES (2670, '大关县', 309, 2);
INSERT INTO `city` VALUES (2671, '永善县', 309, 2);
INSERT INTO `city` VALUES (2672, '绥江县', 309, 2);
INSERT INTO `city` VALUES (2673, '镇雄县', 309, 2);
INSERT INTO `city` VALUES (2674, '彝良县', 309, 2);
INSERT INTO `city` VALUES (2675, '威信县', 309, 2);
INSERT INTO `city` VALUES (2676, '水富县', 309, 2);
INSERT INTO `city` VALUES (2677, '古城区', 310, 2);
INSERT INTO `city` VALUES (2678, '玉龙纳西族自治县', 310, 2);
INSERT INTO `city` VALUES (2679, '永胜县', 310, 2);
INSERT INTO `city` VALUES (2680, '华坪县', 310, 2);
INSERT INTO `city` VALUES (2681, '宁蒗彝族自治县', 310, 2);
INSERT INTO `city` VALUES (2682, '思茅区', 311, 2);
INSERT INTO `city` VALUES (2683, '宁洱哈尼族彝族自治县', 311, 2);
INSERT INTO `city` VALUES (2684, '墨江哈尼族自治县', 311, 2);
INSERT INTO `city` VALUES (2685, '景东彝族自治县', 311, 2);
INSERT INTO `city` VALUES (2686, '景谷傣族彝族自治县', 311, 2);
INSERT INTO `city` VALUES (2687, '镇沅彝族哈尼族拉祜族自治县', 311, 2);
INSERT INTO `city` VALUES (2688, '江城哈尼族彝族自治县', 311, 2);
INSERT INTO `city` VALUES (2689, '孟连傣族拉祜族佤族自治县', 311, 2);
INSERT INTO `city` VALUES (2690, '澜沧拉祜族自治县', 311, 2);
INSERT INTO `city` VALUES (2691, '西盟佤族自治县', 311, 2);
INSERT INTO `city` VALUES (2692, '临翔区', 312, 2);
INSERT INTO `city` VALUES (2693, '凤庆县', 312, 2);
INSERT INTO `city` VALUES (2694, '云县', 312, 2);
INSERT INTO `city` VALUES (2695, '永德县', 312, 2);
INSERT INTO `city` VALUES (2696, '镇康县', 312, 2);
INSERT INTO `city` VALUES (2697, '双江拉祜族佤族布朗族傣族自治县', 312, 2);
INSERT INTO `city` VALUES (2698, '耿马傣族佤族自治县', 312, 2);
INSERT INTO `city` VALUES (2699, '沧源佤族自治县', 312, 2);
INSERT INTO `city` VALUES (2700, '楚雄市', 313, 2);
INSERT INTO `city` VALUES (2701, '双柏县', 313, 2);
INSERT INTO `city` VALUES (2702, '牟定县', 313, 2);
INSERT INTO `city` VALUES (2703, '南华县', 313, 2);
INSERT INTO `city` VALUES (2704, '姚安县', 313, 2);
INSERT INTO `city` VALUES (2705, '大姚县', 313, 2);
INSERT INTO `city` VALUES (2706, '永仁县', 313, 2);
INSERT INTO `city` VALUES (2707, '元谋县', 313, 2);
INSERT INTO `city` VALUES (2708, '武定县', 313, 2);
INSERT INTO `city` VALUES (2709, '禄丰县', 313, 2);
INSERT INTO `city` VALUES (2710, '个旧市', 314, 2);
INSERT INTO `city` VALUES (2711, '开远市', 314, 2);
INSERT INTO `city` VALUES (2712, '蒙自市', 314, 2);
INSERT INTO `city` VALUES (2713, '弥勒市', 314, 2);
INSERT INTO `city` VALUES (2714, '屏边苗族自治县', 314, 2);
INSERT INTO `city` VALUES (2715, '建水县', 314, 2);
INSERT INTO `city` VALUES (2716, '石屏县', 314, 2);
INSERT INTO `city` VALUES (2717, '泸西县', 314, 2);
INSERT INTO `city` VALUES (2718, '元阳县', 314, 2);
INSERT INTO `city` VALUES (2719, '红河县', 314, 2);
INSERT INTO `city` VALUES (2720, '金平苗族瑶族傣族自治县', 314, 2);
INSERT INTO `city` VALUES (2721, '绿春县', 314, 2);
INSERT INTO `city` VALUES (2722, '河口瑶族自治县', 314, 2);
INSERT INTO `city` VALUES (2723, '文山市', 315, 2);
INSERT INTO `city` VALUES (2724, '砚山县', 315, 2);
INSERT INTO `city` VALUES (2725, '西畴县', 315, 2);
INSERT INTO `city` VALUES (2726, '麻栗坡县', 315, 2);
INSERT INTO `city` VALUES (2727, '马关县', 315, 2);
INSERT INTO `city` VALUES (2728, '丘北县', 315, 2);
INSERT INTO `city` VALUES (2729, '广南县', 315, 2);
INSERT INTO `city` VALUES (2730, '富宁县', 315, 2);
INSERT INTO `city` VALUES (2731, '景洪市', 316, 2);
INSERT INTO `city` VALUES (2732, '勐海县', 316, 2);
INSERT INTO `city` VALUES (2733, '勐腊县', 316, 2);
INSERT INTO `city` VALUES (2734, '大理市', 317, 2);
INSERT INTO `city` VALUES (2735, '漾濞彝族自治县', 317, 2);
INSERT INTO `city` VALUES (2736, '祥云县', 317, 2);
INSERT INTO `city` VALUES (2737, '宾川县', 317, 2);
INSERT INTO `city` VALUES (2738, '弥渡县', 317, 2);
INSERT INTO `city` VALUES (2739, '南涧彝族自治县', 317, 2);
INSERT INTO `city` VALUES (2740, '巍山彝族回族自治县', 317, 2);
INSERT INTO `city` VALUES (2741, '永平县', 317, 2);
INSERT INTO `city` VALUES (2742, '云龙县', 317, 2);
INSERT INTO `city` VALUES (2743, '洱源县', 317, 2);
INSERT INTO `city` VALUES (2744, '剑川县', 317, 2);
INSERT INTO `city` VALUES (2745, '鹤庆县', 317, 2);
INSERT INTO `city` VALUES (2746, '瑞丽市', 318, 2);
INSERT INTO `city` VALUES (2747, '芒市', 318, 2);
INSERT INTO `city` VALUES (2748, '梁河县', 318, 2);
INSERT INTO `city` VALUES (2749, '盈江县', 318, 2);
INSERT INTO `city` VALUES (2750, '陇川县', 318, 2);
INSERT INTO `city` VALUES (2751, '泸水县', 319, 2);
INSERT INTO `city` VALUES (2752, '福贡县', 319, 2);
INSERT INTO `city` VALUES (2753, '贡山独龙族怒族自治县', 319, 2);
INSERT INTO `city` VALUES (2754, '兰坪白族普米族自治县', 319, 2);
INSERT INTO `city` VALUES (2755, '香格里拉县', 320, 2);
INSERT INTO `city` VALUES (2756, '德钦县', 320, 2);
INSERT INTO `city` VALUES (2757, '维西傈僳族自治县', 320, 2);
INSERT INTO `city` VALUES (2758, '城关区', 321, 2);
INSERT INTO `city` VALUES (2759, '林周县', 321, 2);
INSERT INTO `city` VALUES (2760, '当雄县', 321, 2);
INSERT INTO `city` VALUES (2761, '尼木县', 321, 2);
INSERT INTO `city` VALUES (2762, '曲水县', 321, 2);
INSERT INTO `city` VALUES (2763, '堆龙德庆县', 321, 2);
INSERT INTO `city` VALUES (2764, '达孜县', 321, 2);
INSERT INTO `city` VALUES (2765, '墨竹工卡县', 321, 2);
INSERT INTO `city` VALUES (2766, '桑珠孜区', 322, 2);
INSERT INTO `city` VALUES (2767, '南木林县', 322, 2);
INSERT INTO `city` VALUES (2768, '江孜县', 322, 2);
INSERT INTO `city` VALUES (2769, '定日县', 322, 2);
INSERT INTO `city` VALUES (2770, '萨迦县', 322, 2);
INSERT INTO `city` VALUES (2771, '拉孜县', 322, 2);
INSERT INTO `city` VALUES (2772, '昂仁县', 322, 2);
INSERT INTO `city` VALUES (2773, '谢通门县', 322, 2);
INSERT INTO `city` VALUES (2774, '白朗县', 322, 2);
INSERT INTO `city` VALUES (2775, '仁布县', 322, 2);
INSERT INTO `city` VALUES (2776, '康马县', 322, 2);
INSERT INTO `city` VALUES (2777, '定结县', 322, 2);
INSERT INTO `city` VALUES (2778, '仲巴县', 322, 2);
INSERT INTO `city` VALUES (2779, '亚东县', 322, 2);
INSERT INTO `city` VALUES (2780, '吉隆县', 322, 2);
INSERT INTO `city` VALUES (2781, '聂拉木县', 322, 2);
INSERT INTO `city` VALUES (2782, '萨嘎县', 322, 2);
INSERT INTO `city` VALUES (2783, '岗巴县', 322, 2);
INSERT INTO `city` VALUES (2784, '昌都县', 323, 2);
INSERT INTO `city` VALUES (2785, '江达县', 323, 2);
INSERT INTO `city` VALUES (2786, '贡觉县', 323, 2);
INSERT INTO `city` VALUES (2787, '类乌齐县', 323, 2);
INSERT INTO `city` VALUES (2788, '丁青县', 323, 2);
INSERT INTO `city` VALUES (2789, '察雅县', 323, 2);
INSERT INTO `city` VALUES (2790, '八宿县', 323, 2);
INSERT INTO `city` VALUES (2791, '左贡县', 323, 2);
INSERT INTO `city` VALUES (2792, '芒康县', 323, 2);
INSERT INTO `city` VALUES (2793, '洛隆县', 323, 2);
INSERT INTO `city` VALUES (2794, '边坝县', 323, 2);
INSERT INTO `city` VALUES (2795, '乃东县', 324, 2);
INSERT INTO `city` VALUES (2796, '扎囊县', 324, 2);
INSERT INTO `city` VALUES (2797, '贡嘎县', 324, 2);
INSERT INTO `city` VALUES (2798, '桑日县', 324, 2);
INSERT INTO `city` VALUES (2799, '琼结县', 324, 2);
INSERT INTO `city` VALUES (2800, '曲松县', 324, 2);
INSERT INTO `city` VALUES (2801, '措美县', 324, 2);
INSERT INTO `city` VALUES (2802, '洛扎县', 324, 2);
INSERT INTO `city` VALUES (2803, '加查县', 324, 2);
INSERT INTO `city` VALUES (2804, '隆子县', 324, 2);
INSERT INTO `city` VALUES (2805, '错那县', 324, 2);
INSERT INTO `city` VALUES (2806, '浪卡子县', 324, 2);
INSERT INTO `city` VALUES (2807, '那曲县', 325, 2);
INSERT INTO `city` VALUES (2808, '嘉黎县', 325, 2);
INSERT INTO `city` VALUES (2809, '比如县', 325, 2);
INSERT INTO `city` VALUES (2810, '聂荣县', 325, 2);
INSERT INTO `city` VALUES (2811, '安多县', 325, 2);
INSERT INTO `city` VALUES (2812, '申扎县', 325, 2);
INSERT INTO `city` VALUES (2813, '索县', 325, 2);
INSERT INTO `city` VALUES (2814, '班戈县', 325, 2);
INSERT INTO `city` VALUES (2815, '巴青县', 325, 2);
INSERT INTO `city` VALUES (2816, '尼玛县', 325, 2);
INSERT INTO `city` VALUES (2817, '双湖县', 325, 2);
INSERT INTO `city` VALUES (2818, '普兰县', 326, 2);
INSERT INTO `city` VALUES (2819, '札达县', 326, 2);
INSERT INTO `city` VALUES (2820, '噶尔县', 326, 2);
INSERT INTO `city` VALUES (2821, '日土县', 326, 2);
INSERT INTO `city` VALUES (2822, '革吉县', 326, 2);
INSERT INTO `city` VALUES (2823, '改则县', 326, 2);
INSERT INTO `city` VALUES (2824, '措勤县', 326, 2);
INSERT INTO `city` VALUES (2825, '林芝县', 327, 2);
INSERT INTO `city` VALUES (2826, '工布江达县', 327, 2);
INSERT INTO `city` VALUES (2827, '米林县', 327, 2);
INSERT INTO `city` VALUES (2828, '墨脱县', 327, 2);
INSERT INTO `city` VALUES (2829, '波密县', 327, 2);
INSERT INTO `city` VALUES (2830, '察隅县', 327, 2);
INSERT INTO `city` VALUES (2831, '朗县', 327, 2);
INSERT INTO `city` VALUES (2832, '碑林区', 328, 2);
INSERT INTO `city` VALUES (2833, '莲湖区', 328, 2);
INSERT INTO `city` VALUES (2834, '灞桥区', 328, 2);
INSERT INTO `city` VALUES (2835, '未央区', 328, 2);
INSERT INTO `city` VALUES (2836, '雁塔区', 328, 2);
INSERT INTO `city` VALUES (2837, '阎良区', 328, 2);
INSERT INTO `city` VALUES (2838, '临潼区', 328, 2);
INSERT INTO `city` VALUES (2839, '蓝田县', 328, 2);
INSERT INTO `city` VALUES (2840, '周至县', 328, 2);
INSERT INTO `city` VALUES (2841, '户县', 328, 2);
INSERT INTO `city` VALUES (2842, '高陵县', 328, 2);
INSERT INTO `city` VALUES (2843, '王益区', 329, 2);
INSERT INTO `city` VALUES (2844, '印台区', 329, 2);
INSERT INTO `city` VALUES (2845, '耀州区', 329, 2);
INSERT INTO `city` VALUES (2846, '宜君县', 329, 2);
INSERT INTO `city` VALUES (2847, '渭滨区', 330, 2);
INSERT INTO `city` VALUES (2848, '金台区', 330, 2);
INSERT INTO `city` VALUES (2849, '陈仓区', 330, 2);
INSERT INTO `city` VALUES (2850, '凤翔县', 330, 2);
INSERT INTO `city` VALUES (2851, '岐山县', 330, 2);
INSERT INTO `city` VALUES (2852, '扶风县', 330, 2);
INSERT INTO `city` VALUES (2853, '眉县', 330, 2);
INSERT INTO `city` VALUES (2854, '陇县', 330, 2);
INSERT INTO `city` VALUES (2855, '千阳县', 330, 2);
INSERT INTO `city` VALUES (2856, '麟游县', 330, 2);
INSERT INTO `city` VALUES (2857, '凤县', 330, 2);
INSERT INTO `city` VALUES (2858, '太白县', 330, 2);
INSERT INTO `city` VALUES (2859, '秦都区', 331, 2);
INSERT INTO `city` VALUES (2860, '杨陵区', 331, 2);
INSERT INTO `city` VALUES (2861, '渭城区', 331, 2);
INSERT INTO `city` VALUES (2862, '三原县', 331, 2);
INSERT INTO `city` VALUES (2863, '泾阳县', 331, 2);
INSERT INTO `city` VALUES (2864, '乾县', 331, 2);
INSERT INTO `city` VALUES (2865, '礼泉县', 331, 2);
INSERT INTO `city` VALUES (2866, '永寿县', 331, 2);
INSERT INTO `city` VALUES (2867, '彬县', 331, 2);
INSERT INTO `city` VALUES (2868, '长武县', 331, 2);
INSERT INTO `city` VALUES (2869, '旬邑县', 331, 2);
INSERT INTO `city` VALUES (2870, '淳化县', 331, 2);
INSERT INTO `city` VALUES (2871, '武功县', 331, 2);
INSERT INTO `city` VALUES (2872, '兴平市', 331, 2);
INSERT INTO `city` VALUES (2873, '临渭区', 332, 2);
INSERT INTO `city` VALUES (2874, '华县', 332, 2);
INSERT INTO `city` VALUES (2875, '潼关县', 332, 2);
INSERT INTO `city` VALUES (2876, '大荔县', 332, 2);
INSERT INTO `city` VALUES (2877, '合阳县', 332, 2);
INSERT INTO `city` VALUES (2878, '澄城县', 332, 2);
INSERT INTO `city` VALUES (2879, '蒲城县', 332, 2);
INSERT INTO `city` VALUES (2880, '白水县', 332, 2);
INSERT INTO `city` VALUES (2881, '富平县', 332, 2);
INSERT INTO `city` VALUES (2882, '韩城市', 332, 2);
INSERT INTO `city` VALUES (2883, '华阴市', 332, 2);
INSERT INTO `city` VALUES (2884, '宝塔区', 333, 2);
INSERT INTO `city` VALUES (2885, '延长县', 333, 2);
INSERT INTO `city` VALUES (2886, '延川县', 333, 2);
INSERT INTO `city` VALUES (2887, '子长县', 333, 2);
INSERT INTO `city` VALUES (2888, '安塞县', 333, 2);
INSERT INTO `city` VALUES (2889, '志丹县', 333, 2);
INSERT INTO `city` VALUES (2890, '吴起县', 333, 2);
INSERT INTO `city` VALUES (2891, '甘泉县', 333, 2);
INSERT INTO `city` VALUES (2892, '富县', 333, 2);
INSERT INTO `city` VALUES (2893, '洛川县', 333, 2);
INSERT INTO `city` VALUES (2894, '宜川县', 333, 2);
INSERT INTO `city` VALUES (2895, '黄龙县', 333, 2);
INSERT INTO `city` VALUES (2896, '黄陵县', 333, 2);
INSERT INTO `city` VALUES (2897, '汉台区', 334, 2);
INSERT INTO `city` VALUES (2898, '南郑县', 334, 2);
INSERT INTO `city` VALUES (2899, '城固县', 334, 2);
INSERT INTO `city` VALUES (2900, '洋县', 334, 2);
INSERT INTO `city` VALUES (2901, '西乡县', 334, 2);
INSERT INTO `city` VALUES (2902, '勉县', 334, 2);
INSERT INTO `city` VALUES (2903, '宁强县', 334, 2);
INSERT INTO `city` VALUES (2904, '略阳县', 334, 2);
INSERT INTO `city` VALUES (2905, '镇巴县', 334, 2);
INSERT INTO `city` VALUES (2906, '留坝县', 334, 2);
INSERT INTO `city` VALUES (2907, '佛坪县', 334, 2);
INSERT INTO `city` VALUES (2908, '榆阳区', 335, 2);
INSERT INTO `city` VALUES (2909, '神木县', 335, 2);
INSERT INTO `city` VALUES (2910, '府谷县', 335, 2);
INSERT INTO `city` VALUES (2911, '横山县', 335, 2);
INSERT INTO `city` VALUES (2912, '靖边县', 335, 2);
INSERT INTO `city` VALUES (2913, '定边县', 335, 2);
INSERT INTO `city` VALUES (2914, '绥德县', 335, 2);
INSERT INTO `city` VALUES (2915, '米脂县', 335, 2);
INSERT INTO `city` VALUES (2916, '佳县', 335, 2);
INSERT INTO `city` VALUES (2917, '吴堡县', 335, 2);
INSERT INTO `city` VALUES (2918, '清涧县', 335, 2);
INSERT INTO `city` VALUES (2919, '子洲县', 335, 2);
INSERT INTO `city` VALUES (2920, '汉滨区', 336, 2);
INSERT INTO `city` VALUES (2921, '汉阴县', 336, 2);
INSERT INTO `city` VALUES (2922, '石泉县', 336, 2);
INSERT INTO `city` VALUES (2923, '宁陕县', 336, 2);
INSERT INTO `city` VALUES (2924, '紫阳县', 336, 2);
INSERT INTO `city` VALUES (2925, '岚皋县', 336, 2);
INSERT INTO `city` VALUES (2926, '平利县', 336, 2);
INSERT INTO `city` VALUES (2927, '镇坪县', 336, 2);
INSERT INTO `city` VALUES (2928, '旬阳县', 336, 2);
INSERT INTO `city` VALUES (2929, '白河县', 336, 2);
INSERT INTO `city` VALUES (2930, '商州区', 337, 2);
INSERT INTO `city` VALUES (2931, '洛南县', 337, 2);
INSERT INTO `city` VALUES (2932, '丹凤县', 337, 2);
INSERT INTO `city` VALUES (2933, '商南县', 337, 2);
INSERT INTO `city` VALUES (2934, '山阳县', 337, 2);
INSERT INTO `city` VALUES (2935, '镇安县', 337, 2);
INSERT INTO `city` VALUES (2936, '柞水县', 337, 2);
INSERT INTO `city` VALUES (2937, '七里河区', 338, 2);
INSERT INTO `city` VALUES (2938, '西固区', 338, 2);
INSERT INTO `city` VALUES (2939, '安宁区', 338, 2);
INSERT INTO `city` VALUES (2940, '红古区', 338, 2);
INSERT INTO `city` VALUES (2941, '永登县', 338, 2);
INSERT INTO `city` VALUES (2942, '皋兰县', 338, 2);
INSERT INTO `city` VALUES (2943, '榆中县', 338, 2);
INSERT INTO `city` VALUES (2944, '金川区', 340, 2);
INSERT INTO `city` VALUES (2945, '永昌县', 340, 2);
INSERT INTO `city` VALUES (2946, '白银区', 341, 2);
INSERT INTO `city` VALUES (2947, '平川区', 341, 2);
INSERT INTO `city` VALUES (2948, '靖远县', 341, 2);
INSERT INTO `city` VALUES (2949, '会宁县', 341, 2);
INSERT INTO `city` VALUES (2950, '景泰县', 341, 2);
INSERT INTO `city` VALUES (2951, '秦州区', 342, 2);
INSERT INTO `city` VALUES (2952, '麦积区', 342, 2);
INSERT INTO `city` VALUES (2953, '清水县', 342, 2);
INSERT INTO `city` VALUES (2954, '秦安县', 342, 2);
INSERT INTO `city` VALUES (2955, '甘谷县', 342, 2);
INSERT INTO `city` VALUES (2956, '武山县', 342, 2);
INSERT INTO `city` VALUES (2957, '张家川回族自治县', 342, 2);
INSERT INTO `city` VALUES (2958, '凉州区', 343, 2);
INSERT INTO `city` VALUES (2959, '民勤县', 343, 2);
INSERT INTO `city` VALUES (2960, '古浪县', 343, 2);
INSERT INTO `city` VALUES (2961, '天祝藏族自治县', 343, 2);
INSERT INTO `city` VALUES (2962, '甘州区', 344, 2);
INSERT INTO `city` VALUES (2963, '肃南裕固族自治县', 344, 2);
INSERT INTO `city` VALUES (2964, '民乐县', 344, 2);
INSERT INTO `city` VALUES (2965, '临泽县', 344, 2);
INSERT INTO `city` VALUES (2966, '高台县', 344, 2);
INSERT INTO `city` VALUES (2967, '山丹县', 344, 2);
INSERT INTO `city` VALUES (2968, '崆峒区', 345, 2);
INSERT INTO `city` VALUES (2969, '泾川县', 345, 2);
INSERT INTO `city` VALUES (2970, '灵台县', 345, 2);
INSERT INTO `city` VALUES (2971, '崇信县', 345, 2);
INSERT INTO `city` VALUES (2972, '华亭县', 345, 2);
INSERT INTO `city` VALUES (2973, '庄浪县', 345, 2);
INSERT INTO `city` VALUES (2974, '静宁县', 345, 2);
INSERT INTO `city` VALUES (2975, '肃州区', 346, 2);
INSERT INTO `city` VALUES (2976, '金塔县', 346, 2);
INSERT INTO `city` VALUES (2977, '瓜州县', 346, 2);
INSERT INTO `city` VALUES (2978, '肃北蒙古族自治县', 346, 2);
INSERT INTO `city` VALUES (2979, '阿克塞哈萨克族自治县', 346, 2);
INSERT INTO `city` VALUES (2980, '玉门市', 346, 2);
INSERT INTO `city` VALUES (2981, '敦煌市', 346, 2);
INSERT INTO `city` VALUES (2982, '西峰区', 347, 2);
INSERT INTO `city` VALUES (2983, '庆城县', 347, 2);
INSERT INTO `city` VALUES (2984, '环县', 347, 2);
INSERT INTO `city` VALUES (2985, '华池县', 347, 2);
INSERT INTO `city` VALUES (2986, '合水县', 347, 2);
INSERT INTO `city` VALUES (2987, '正宁县', 347, 2);
INSERT INTO `city` VALUES (2988, '宁县', 347, 2);
INSERT INTO `city` VALUES (2989, '镇原县', 347, 2);
INSERT INTO `city` VALUES (2990, '安定区', 348, 2);
INSERT INTO `city` VALUES (2991, '通渭县', 348, 2);
INSERT INTO `city` VALUES (2992, '陇西县', 348, 2);
INSERT INTO `city` VALUES (2993, '渭源县', 348, 2);
INSERT INTO `city` VALUES (2994, '临洮县', 348, 2);
INSERT INTO `city` VALUES (2995, '漳县', 348, 2);
INSERT INTO `city` VALUES (2996, '岷县', 348, 2);
INSERT INTO `city` VALUES (2997, '武都区', 349, 2);
INSERT INTO `city` VALUES (2998, '成县', 349, 2);
INSERT INTO `city` VALUES (2999, '文县', 349, 2);
INSERT INTO `city` VALUES (3000, '宕昌县', 349, 2);
INSERT INTO `city` VALUES (3001, '康县', 349, 2);
INSERT INTO `city` VALUES (3002, '西和县', 349, 2);
INSERT INTO `city` VALUES (3003, '礼县', 349, 2);
INSERT INTO `city` VALUES (3004, '徽县', 349, 2);
INSERT INTO `city` VALUES (3005, '两当县', 349, 2);
INSERT INTO `city` VALUES (3006, '临夏市', 350, 2);
INSERT INTO `city` VALUES (3007, '临夏县', 350, 2);
INSERT INTO `city` VALUES (3008, '康乐县', 350, 2);
INSERT INTO `city` VALUES (3009, '永靖县', 350, 2);
INSERT INTO `city` VALUES (3010, '广河县', 350, 2);
INSERT INTO `city` VALUES (3011, '和政县', 350, 2);
INSERT INTO `city` VALUES (3012, '东乡族自治县', 350, 2);
INSERT INTO `city` VALUES (3013, '积石山保安族东乡族撒拉族自治县', 350, 2);
INSERT INTO `city` VALUES (3014, '合作市', 351, 2);
INSERT INTO `city` VALUES (3015, '临潭县', 351, 2);
INSERT INTO `city` VALUES (3016, '卓尼县', 351, 2);
INSERT INTO `city` VALUES (3017, '舟曲县', 351, 2);
INSERT INTO `city` VALUES (3018, '迭部县', 351, 2);
INSERT INTO `city` VALUES (3019, '玛曲县', 351, 2);
INSERT INTO `city` VALUES (3020, '碌曲县', 351, 2);
INSERT INTO `city` VALUES (3021, '夏河县', 351, 2);
INSERT INTO `city` VALUES (3022, '城东区', 352, 2);
INSERT INTO `city` VALUES (3023, '城西区', 352, 2);
INSERT INTO `city` VALUES (3024, '城北区', 352, 2);
INSERT INTO `city` VALUES (3025, '大通回族土族自治县', 352, 2);
INSERT INTO `city` VALUES (3026, '湟中县', 352, 2);
INSERT INTO `city` VALUES (3027, '湟源县', 352, 2);
INSERT INTO `city` VALUES (3028, '乐都区', 353, 2);
INSERT INTO `city` VALUES (3029, '平安县', 353, 2);
INSERT INTO `city` VALUES (3030, '民和回族土族自治县', 353, 2);
INSERT INTO `city` VALUES (3031, '互助土族自治县', 353, 2);
INSERT INTO `city` VALUES (3032, '化隆回族自治县', 353, 2);
INSERT INTO `city` VALUES (3033, '循化撒拉族自治县', 353, 2);
INSERT INTO `city` VALUES (3034, '门源回族自治县', 354, 2);
INSERT INTO `city` VALUES (3035, '祁连县', 354, 2);
INSERT INTO `city` VALUES (3036, '海晏县', 354, 2);
INSERT INTO `city` VALUES (3037, '刚察县', 354, 2);
INSERT INTO `city` VALUES (3038, '同仁县', 355, 2);
INSERT INTO `city` VALUES (3039, '尖扎县', 355, 2);
INSERT INTO `city` VALUES (3040, '泽库县', 355, 2);
INSERT INTO `city` VALUES (3041, '河南蒙古族自治县', 355, 2);
INSERT INTO `city` VALUES (3042, '共和县', 356, 2);
INSERT INTO `city` VALUES (3043, '同德县', 356, 2);
INSERT INTO `city` VALUES (3044, '贵德县', 356, 2);
INSERT INTO `city` VALUES (3045, '兴海县', 356, 2);
INSERT INTO `city` VALUES (3046, '贵南县', 356, 2);
INSERT INTO `city` VALUES (3047, '玛沁县', 357, 2);
INSERT INTO `city` VALUES (3048, '班玛县', 357, 2);
INSERT INTO `city` VALUES (3049, '甘德县', 357, 2);
INSERT INTO `city` VALUES (3050, '达日县', 357, 2);
INSERT INTO `city` VALUES (3051, '久治县', 357, 2);
INSERT INTO `city` VALUES (3052, '玛多县', 357, 2);
INSERT INTO `city` VALUES (3053, '玉树市', 358, 2);
INSERT INTO `city` VALUES (3054, '杂多县', 358, 2);
INSERT INTO `city` VALUES (3055, '称多县', 358, 2);
INSERT INTO `city` VALUES (3056, '治多县', 358, 2);
INSERT INTO `city` VALUES (3057, '囊谦县', 358, 2);
INSERT INTO `city` VALUES (3058, '曲麻莱县', 358, 2);
INSERT INTO `city` VALUES (3059, '格尔木市', 359, 2);
INSERT INTO `city` VALUES (3060, '德令哈市', 359, 2);
INSERT INTO `city` VALUES (3061, '乌兰县', 359, 2);
INSERT INTO `city` VALUES (3062, '都兰县', 359, 2);
INSERT INTO `city` VALUES (3063, '天峻县', 359, 2);
INSERT INTO `city` VALUES (3064, '兴庆区', 360, 2);
INSERT INTO `city` VALUES (3065, '西夏区', 360, 2);
INSERT INTO `city` VALUES (3066, '金凤区', 360, 2);
INSERT INTO `city` VALUES (3067, '永宁县', 360, 2);
INSERT INTO `city` VALUES (3068, '贺兰县', 360, 2);
INSERT INTO `city` VALUES (3069, '灵武市', 360, 2);
INSERT INTO `city` VALUES (3070, '大武口区', 361, 2);
INSERT INTO `city` VALUES (3071, '惠农区', 361, 2);
INSERT INTO `city` VALUES (3072, '平罗县', 361, 2);
INSERT INTO `city` VALUES (3073, '利通区', 362, 2);
INSERT INTO `city` VALUES (3074, '红寺堡区', 362, 2);
INSERT INTO `city` VALUES (3075, '盐池县', 362, 2);
INSERT INTO `city` VALUES (3076, '同心县', 362, 2);
INSERT INTO `city` VALUES (3077, '青铜峡市', 362, 2);
INSERT INTO `city` VALUES (3078, '原州区', 363, 2);
INSERT INTO `city` VALUES (3079, '西吉县', 363, 2);
INSERT INTO `city` VALUES (3080, '隆德县', 363, 2);
INSERT INTO `city` VALUES (3081, '泾源县', 363, 2);
INSERT INTO `city` VALUES (3082, '彭阳县', 363, 2);
INSERT INTO `city` VALUES (3083, '沙坡头区', 364, 2);
INSERT INTO `city` VALUES (3084, '中宁县', 364, 2);
INSERT INTO `city` VALUES (3085, '海原县', 364, 2);
INSERT INTO `city` VALUES (3086, '天山区', 365, 2);
INSERT INTO `city` VALUES (3087, '沙依巴克区', 365, 2);
INSERT INTO `city` VALUES (3088, '水磨沟区', 365, 2);
INSERT INTO `city` VALUES (3089, '头屯河区', 365, 2);
INSERT INTO `city` VALUES (3090, '达坂城区', 365, 2);
INSERT INTO `city` VALUES (3091, '米东区', 365, 2);
INSERT INTO `city` VALUES (3092, '乌鲁木齐县', 365, 2);
INSERT INTO `city` VALUES (3093, '独山子区', 366, 2);
INSERT INTO `city` VALUES (3094, '克拉玛依区', 366, 2);
INSERT INTO `city` VALUES (3095, '白碱滩区', 366, 2);
INSERT INTO `city` VALUES (3096, '乌尔禾区', 366, 2);
INSERT INTO `city` VALUES (3097, '吐鲁番市', 367, 2);
INSERT INTO `city` VALUES (3098, '鄯善县', 367, 2);
INSERT INTO `city` VALUES (3099, '托克逊县', 367, 2);
INSERT INTO `city` VALUES (3100, '哈密市', 368, 2);
INSERT INTO `city` VALUES (3101, '巴里坤哈萨克自治县', 368, 2);
INSERT INTO `city` VALUES (3102, '伊吾县', 368, 2);
INSERT INTO `city` VALUES (3103, '昌吉市', 369, 2);
INSERT INTO `city` VALUES (3104, '阜康市', 369, 2);
INSERT INTO `city` VALUES (3105, '呼图壁县', 369, 2);
INSERT INTO `city` VALUES (3106, '玛纳斯县', 369, 2);
INSERT INTO `city` VALUES (3107, '奇台县', 369, 2);
INSERT INTO `city` VALUES (3108, '吉木萨尔县', 369, 2);
INSERT INTO `city` VALUES (3109, '木垒哈萨克自治县', 369, 2);
INSERT INTO `city` VALUES (3110, '博乐市', 370, 2);
INSERT INTO `city` VALUES (3111, '阿拉山口市', 370, 2);
INSERT INTO `city` VALUES (3112, '精河县', 370, 2);
INSERT INTO `city` VALUES (3113, '温泉县', 370, 2);
INSERT INTO `city` VALUES (3114, '库尔勒市', 371, 2);
INSERT INTO `city` VALUES (3115, '轮台县', 371, 2);
INSERT INTO `city` VALUES (3116, '尉犁县', 371, 2);
INSERT INTO `city` VALUES (3117, '若羌县', 371, 2);
INSERT INTO `city` VALUES (3118, '且末县', 371, 2);
INSERT INTO `city` VALUES (3119, '焉耆回族自治县', 371, 2);
INSERT INTO `city` VALUES (3120, '和静县', 371, 2);
INSERT INTO `city` VALUES (3121, '和硕县', 371, 2);
INSERT INTO `city` VALUES (3122, '博湖县', 371, 2);
INSERT INTO `city` VALUES (3123, '阿克苏市', 372, 2);
INSERT INTO `city` VALUES (3124, '温宿县', 372, 2);
INSERT INTO `city` VALUES (3125, '库车县', 372, 2);
INSERT INTO `city` VALUES (3126, '沙雅县', 372, 2);
INSERT INTO `city` VALUES (3127, '新和县', 372, 2);
INSERT INTO `city` VALUES (3128, '拜城县', 372, 2);
INSERT INTO `city` VALUES (3129, '乌什县', 372, 2);
INSERT INTO `city` VALUES (3130, '阿瓦提县', 372, 2);
INSERT INTO `city` VALUES (3131, '柯坪县', 372, 2);
INSERT INTO `city` VALUES (3132, '阿图什市', 373, 2);
INSERT INTO `city` VALUES (3133, '阿克陶县', 373, 2);
INSERT INTO `city` VALUES (3134, '阿合奇县', 373, 2);
INSERT INTO `city` VALUES (3135, '乌恰县', 373, 2);
INSERT INTO `city` VALUES (3136, '喀什市', 374, 2);
INSERT INTO `city` VALUES (3137, '疏附县', 374, 2);
INSERT INTO `city` VALUES (3138, '疏勒县', 374, 2);
INSERT INTO `city` VALUES (3139, '英吉沙县', 374, 2);
INSERT INTO `city` VALUES (3140, '泽普县', 374, 2);
INSERT INTO `city` VALUES (3141, '莎车县', 374, 2);
INSERT INTO `city` VALUES (3142, '叶城县', 374, 2);
INSERT INTO `city` VALUES (3143, '麦盖提县', 374, 2);
INSERT INTO `city` VALUES (3144, '岳普湖县', 374, 2);
INSERT INTO `city` VALUES (3145, '伽师县', 374, 2);
INSERT INTO `city` VALUES (3146, '巴楚县', 374, 2);
INSERT INTO `city` VALUES (3147, '塔什库尔干塔吉克自治县', 374, 2);
INSERT INTO `city` VALUES (3148, '和田市', 375, 2);
INSERT INTO `city` VALUES (3149, '和田县', 375, 2);
INSERT INTO `city` VALUES (3150, '墨玉县', 375, 2);
INSERT INTO `city` VALUES (3151, '皮山县', 375, 2);
INSERT INTO `city` VALUES (3152, '洛浦县', 375, 2);
INSERT INTO `city` VALUES (3153, '策勒县', 375, 2);
INSERT INTO `city` VALUES (3154, '于田县', 375, 2);
INSERT INTO `city` VALUES (3155, '民丰县', 375, 2);
INSERT INTO `city` VALUES (3156, '伊宁市', 376, 2);
INSERT INTO `city` VALUES (3157, '奎屯市', 376, 2);
INSERT INTO `city` VALUES (3158, '伊宁县', 376, 2);
INSERT INTO `city` VALUES (3159, '察布查尔锡伯自治县', 376, 2);
INSERT INTO `city` VALUES (3160, '霍城县', 376, 2);
INSERT INTO `city` VALUES (3161, '巩留县', 376, 2);
INSERT INTO `city` VALUES (3162, '新源县', 376, 2);
INSERT INTO `city` VALUES (3163, '昭苏县', 376, 2);
INSERT INTO `city` VALUES (3164, '特克斯县', 376, 2);
INSERT INTO `city` VALUES (3165, '尼勒克县', 376, 2);
INSERT INTO `city` VALUES (3166, '塔城市', 377, 2);
INSERT INTO `city` VALUES (3167, '乌苏市', 377, 2);
INSERT INTO `city` VALUES (3168, '额敏县', 377, 2);
INSERT INTO `city` VALUES (3169, '沙湾县', 377, 2);
INSERT INTO `city` VALUES (3170, '托里县', 377, 2);
INSERT INTO `city` VALUES (3171, '裕民县', 377, 2);
INSERT INTO `city` VALUES (3172, '和布克赛尔蒙古自治县', 377, 2);
INSERT INTO `city` VALUES (3173, '阿勒泰市', 378, 2);
INSERT INTO `city` VALUES (3174, '布尔津县', 378, 2);
INSERT INTO `city` VALUES (3175, '富蕴县', 378, 2);
INSERT INTO `city` VALUES (3176, '福海县', 378, 2);
INSERT INTO `city` VALUES (3177, '哈巴河县', 378, 2);
INSERT INTO `city` VALUES (3178, '青河县', 378, 2);
INSERT INTO `city` VALUES (3179, '吉木乃县', 378, 2);
INSERT INTO `city` VALUES (3180, '石河子市', 379, 2);
INSERT INTO `city` VALUES (3181, '阿拉尔市', 379, 2);
INSERT INTO `city` VALUES (3182, '图木舒克市', 379, 2);
INSERT INTO `city` VALUES (3183, '五家渠市', 379, 2);
INSERT INTO `city` VALUES (3184, '南山区', 236, 2);
INSERT INTO `city` VALUES (3185, '城区', 246, 2);

-- ----------------------------
-- Table structure for orderitem
-- ----------------------------
DROP TABLE IF EXISTS `orderitem`;
CREATE TABLE `orderitem`  (
  `itemId` int(11) NOT NULL AUTO_INCREMENT,
  `count` int(11) NULL DEFAULT NULL,
  `subtotal` double NULL DEFAULT NULL,
  `oid` int(11) NULL DEFAULT NULL,
  `pid` int(11) NULL DEFAULT NULL,
  PRIMARY KEY (`itemId`) USING BTREE,
  INDEX `FKE8A41F811B1839EA`(`oid`) USING BTREE,
  INDEX `FKE8A41F81E52696CC`(`pid`) USING BTREE,
  CONSTRAINT `FKE8A41F811B1839EA` FOREIGN KEY (`oid`) REFERENCES `orders` (`oid`) ON DELETE RESTRICT ON UPDATE RESTRICT,
  CONSTRAINT `FKE8A41F81E52696CC` FOREIGN KEY (`pid`) REFERENCES `product` (`pid`) ON DELETE RESTRICT ON UPDATE RESTRICT
) ENGINE = InnoDB AUTO_INCREMENT = 74 CHARACTER SET = utf8 COLLATE = utf8_general_ci ROW_FORMAT = Compact;

-- ----------------------------
-- Records of orderitem
-- ----------------------------
INSERT INTO `orderitem` VALUES (34, 1, 358, 31, 51);
INSERT INTO `orderitem` VALUES (35, 1, 198, 32, 21);
INSERT INTO `orderitem` VALUES (36, 1, 186, 33, 35);
INSERT INTO `orderitem` VALUES (37, 1, 198, 34, 21);
INSERT INTO `orderitem` VALUES (38, 10, 5900, 35, 7);
INSERT INTO `orderitem` VALUES (39, 1, 186, 35, 35);
INSERT INTO `orderitem` VALUES (40, 1, 299, 36, 57);
INSERT INTO `orderitem` VALUES (41, 1, 358, 37, 44);
INSERT INTO `orderitem` VALUES (42, 7, 1302, 38, 35);
INSERT INTO `orderitem` VALUES (43, 5, 990, 39, 21);
INSERT INTO `orderitem` VALUES (44, 8, 1584, 40, 21);
INSERT INTO `orderitem` VALUES (45, 1, 358, 41, 47);
INSERT INTO `orderitem` VALUES (46, 1, 228, 41, 1);
INSERT INTO `orderitem` VALUES (47, 1, 186, 42, 35);
INSERT INTO `orderitem` VALUES (48, 1, 198, 43, 28);
INSERT INTO `orderitem` VALUES (49, 2, 396, 43, 21);
INSERT INTO `orderitem` VALUES (50, 1, 358, 44, 51);
INSERT INTO `orderitem` VALUES (51, 1, 186, 45, 41);
INSERT INTO `orderitem` VALUES (52, 1, 198, 46, 21);
INSERT INTO `orderitem` VALUES (53, 1, 186, 47, 35);
INSERT INTO `orderitem` VALUES (54, 1, 198, 47, 21);
INSERT INTO `orderitem` VALUES (55, 1, 186, 48, 35);
INSERT INTO `orderitem` VALUES (56, 1, 590, 49, 7);
INSERT INTO `orderitem` VALUES (57, 1, 186, 49, 35);
INSERT INTO `orderitem` VALUES (58, 1, 590, 50, 7);
INSERT INTO `orderitem` VALUES (59, 1, 198, 51, 28);
INSERT INTO `orderitem` VALUES (60, 1, 198, 52, 21);
INSERT INTO `orderitem` VALUES (61, 1, 186, 53, 35);
INSERT INTO `orderitem` VALUES (62, 1, 198, 53, 29);
INSERT INTO `orderitem` VALUES (63, 1, 358, 54, 51);
INSERT INTO `orderitem` VALUES (64, 1, 9900, 55, 12);
INSERT INTO `orderitem` VALUES (65, 1, 198, 56, 28);
INSERT INTO `orderitem` VALUES (66, 1, 198, 57, 28);
INSERT INTO `orderitem` VALUES (67, 2, 344, 57, 2);
INSERT INTO `orderitem` VALUES (68, 2, 716, 57, 51);
INSERT INTO `orderitem` VALUES (69, 1, 299, 57, 57);
INSERT INTO `orderitem` VALUES (70, 1, 186, 58, 41);
INSERT INTO `orderitem` VALUES (71, 1, 228, 59, 1);
INSERT INTO `orderitem` VALUES (72, 1, 358, 60, 45);
INSERT INTO `orderitem` VALUES (73, 1, 198, 60, 21);

-- ----------------------------
-- Table structure for orders
-- ----------------------------
DROP TABLE IF EXISTS `orders`;
CREATE TABLE `orders`  (
  `oid` int(11) NOT NULL AUTO_INCREMENT,
  `total` double NULL DEFAULT NULL,
  `ordertime` datetime NULL DEFAULT NULL,
  `state` int(11) NULL DEFAULT NULL,
  `aid` int(11) NULL DEFAULT NULL,
  `uid` int(11) NULL DEFAULT NULL,
  PRIMARY KEY (`oid`) USING BTREE,
  INDEX `FKC3DF62E54B36C909`(`uid`) USING BTREE,
  INDEX `FKC3DF62E5B3302D82`(`aid`) USING BTREE,
  CONSTRAINT `FKC3DF62E54B36C909` FOREIGN KEY (`uid`) REFERENCES `user` (`uid`) ON DELETE RESTRICT ON UPDATE RESTRICT,
  CONSTRAINT `FKC3DF62E5B3302D82` FOREIGN KEY (`aid`) REFERENCES `address` (`aid`) ON DELETE RESTRICT ON UPDATE RESTRICT
) ENGINE = InnoDB AUTO_INCREMENT = 61 CHARACTER SET = utf8 COLLATE = utf8_general_ci ROW_FORMAT = Compact;

-- ----------------------------
-- Records of orders
-- ----------------------------
INSERT INTO `orders` VALUES (31, 358, '2016-12-28 17:33:34', 2, 9, 1);
INSERT INTO `orders` VALUES (32, 198, '2016-12-28 17:36:58', 0, 10, 1);
INSERT INTO `orders` VALUES (33, 186, '2016-12-28 23:06:50', 2, 10, 1);
INSERT INTO `orders` VALUES (34, 198, '2016-12-30 14:18:25', 0, 10, 1);
INSERT INTO `orders` VALUES (35, 6086, '2016-12-30 15:03:21', 2, 10, 1);
INSERT INTO `orders` VALUES (36, 299, '2016-12-30 15:23:39', 0, NULL, 1);
INSERT INTO `orders` VALUES (37, 358, '2016-12-30 15:29:42', 0, NULL, 1);
INSERT INTO `orders` VALUES (38, 1302, '2016-12-30 20:24:04', 0, NULL, 1);
INSERT INTO `orders` VALUES (39, 990, '2016-12-30 20:30:04', 0, NULL, 1);
INSERT INTO `orders` VALUES (40, 1584, '2016-12-30 21:06:28', 0, NULL, 1);
INSERT INTO `orders` VALUES (41, 586, '2017-06-07 19:37:10', 1, NULL, 4);
INSERT INTO `orders` VALUES (42, 186, '2017-06-07 19:37:17', 1, NULL, 4);
INSERT INTO `orders` VALUES (43, 594, '2018-07-01 15:12:26', 0, NULL, 16);
INSERT INTO `orders` VALUES (44, 358, '2018-07-01 17:53:29', 0, NULL, 16);
INSERT INTO `orders` VALUES (45, 186, '2018-07-01 17:57:04', 0, NULL, 16);
INSERT INTO `orders` VALUES (46, 198, '2018-07-01 21:09:15', 0, NULL, 16);
INSERT INTO `orders` VALUES (47, 384, '2018-07-01 21:57:50', 1, NULL, 16);
INSERT INTO `orders` VALUES (48, 186, '2018-07-01 22:18:39', 0, NULL, 16);
INSERT INTO `orders` VALUES (49, 776, '2018-07-01 22:25:57', 0, NULL, 16);
INSERT INTO `orders` VALUES (50, 590, '2018-07-01 22:28:28', 0, NULL, 16);
INSERT INTO `orders` VALUES (51, 198, '2018-07-02 01:53:53', 2, NULL, 16);
INSERT INTO `orders` VALUES (52, 198, '2018-07-02 02:06:40', 2, NULL, 16);
INSERT INTO `orders` VALUES (53, 384, '2018-07-02 11:03:47', 2, NULL, 16);
INSERT INTO `orders` VALUES (54, 358, '2018-07-02 14:32:16', 2, NULL, 16);
INSERT INTO `orders` VALUES (55, 9900, '2018-07-02 21:32:42', 0, NULL, 16);
INSERT INTO `orders` VALUES (56, 198, '2018-07-03 10:59:33', 1, NULL, 16);
INSERT INTO `orders` VALUES (57, 1557, '2018-07-03 12:58:11', 1, NULL, 16);
INSERT INTO `orders` VALUES (58, 186, '2018-07-03 15:05:34', 0, NULL, 16);
INSERT INTO `orders` VALUES (59, 228, '2018-07-03 15:24:28', 1, NULL, 35);
INSERT INTO `orders` VALUES (60, 556, '2018-07-03 15:34:47', 1, NULL, 35);

-- ----------------------------
-- Table structure for product
-- ----------------------------
DROP TABLE IF EXISTS `product`;
CREATE TABLE `product`  (
  `pid` int(11) NOT NULL AUTO_INCREMENT,
  `pname` varchar(255) CHARACTER SET utf8 COLLATE utf8_general_ci NULL DEFAULT NULL,
  `market_price` double NULL DEFAULT NULL,
  `shop_price` double NULL DEFAULT NULL,
  `image` varchar(255) CHARACTER SET utf8 COLLATE utf8_general_ci NULL DEFAULT NULL,
  `num` int(11) NULL DEFAULT NULL,
  `pdesc` varchar(255) CHARACTER SET utf8 COLLATE utf8_general_ci NULL DEFAULT NULL,
  `is_hot` int(11) NULL DEFAULT NULL,
  `pdate` datetime NULL DEFAULT NULL,
  `csid` int(11) NULL DEFAULT NULL,
  PRIMARY KEY (`pid`) USING BTREE,
  INDEX `FKED8DCCEFB9B74E02`(`csid`) USING BTREE,
  CONSTRAINT `FKED8DCCEFB9B74E02` FOREIGN KEY (`csid`) REFERENCES `categorysecond` (`csid`) ON DELETE RESTRICT ON UPDATE RESTRICT
) ENGINE = InnoDB AUTO_INCREMENT = 72 CHARACTER SET = utf8 COLLATE = utf8_general_ci ROW_FORMAT = Compact;

-- ----------------------------
-- Records of product
-- ----------------------------
INSERT INTO `product` VALUES (1, '韩版连帽加厚毛衣女外套', 558, 228, 'products/1/cs10001.jpg', 200, '双11限量200件，拍完下架，加车享优惠，早下手早发货。。秋冬个性中长款毛衣，美丽和温度同在！限量供应，拒绝撞衫！迫于纱线和人工在不断上涨的双重压力下，产品涨价在即！少量现货出售中，手快有，手慢等哦，赶紧抢哦，绝对高大上。', 0, '2014-11-02 20:18:00', 1);
INSERT INTO `product` VALUES (2, '女装立领长袖拼接PU皮毛呢外套', 436, 172, 'products/1/cs10002.jpg', 10, '【现在拍下并支付定金，即可获得双12当天10元无门槛优惠券一张。注：只限有预付定金款~优惠券统一在12月11号发放】 毛呢外套 整洁干练的长款版型 整个肩部给予皮绒拼接 与毛呢一起撑起品质感 立领 长袖 肩部往下做流行加层拼接 一粒扣收合门襟 特意做的夹棉里层（袖里无） 不必再畏惧冷冽寒风', 0, '2014-11-04 20:18:00', 1);
INSERT INTO `product` VALUES (3, '韩版女装翻领羔绒夹棉格子毛呢外套', 238, 119, 'products/1/cs10003.jpg', 500, '外套款。 称为棉衣也不为过 或者因为它的表层毛呢　称呼为毛呢外套 ｙａｎｇ　羔绒位于翻领及袖口 从视觉着手　带来温暖无限 夹棉里衬（袖里也有）再次提升御寒功能 流行元素上　选择红黑格纹理　大气而又经典 金属拉链开叉　插袋自不会少', 0, '2014-10-01 20:18:00', 1);
INSERT INTO `product` VALUES (4, '韩版女装翻领羔绒夹棉格子毛呢外套', 238, 119, 'products/1/cs10004.jpg', 1000, '外套款。 称为棉衣也不为过 或者因为它的表层毛呢　称呼为毛呢外套 ｙａｎｇ　羔绒位于翻领及袖口 从视觉着手　带来温暖无限 夹棉里衬（袖里也有）再次提升御寒功能 流行元素上　选择红黑格纹理　大气而又经典 金属拉链开叉　插袋自不会少', 0, '2014-12-07 20:18:00', 1);
INSERT INTO `product` VALUES (5, '韩版女装翻领羔绒夹棉格子毛呢外套', 238, 119, 'products/1/cs10005.jpg', 800, '外套款。 称为棉衣也不为过 或者因为它的表层毛呢　称呼为毛呢外套 ｙａｎｇ　羔绒位于翻领及袖口 从视觉着手　带来温暖无限 夹棉里衬（袖里也有）再次提升御寒功能 流行元素上　选择红黑格纹理　大气而又经典 金属拉链开叉　插袋自不会少', 0, '2014-11-02 20:18:00', 1);
INSERT INTO `product` VALUES (6, '冬装韩版女装翻领羔绒夹棉格子毛呢外套', 238, 119, 'products/1/cs10006.jpg', 300, '外套款。 称为棉衣也不为过 或者因为它的表层毛呢　称呼为毛呢外套 ｙａｎｇ　羔绒位于翻领及袖口 从视觉着手　带来温暖无限 夹棉里衬（袖里也有）再次提升御寒功能 流行元素上　选择红黑格纹理　大气而又经典 金属拉链开叉　插袋自不会少', 0, '2014-11-10 15:18:00', 1);
INSERT INTO `product` VALUES (7, '新款优雅奢华毛领白鸭绒轻薄羽绒服', 1120, 590, 'products/1/cs10007.jpg', 600, '秋冬热卖款，今日特惠！库存有限，卖完即止！喜欢的赶紧出手哦！', 0, '2014-11-03 20:18:00', 1);
INSERT INTO `product` VALUES (8, '秋冬季毛呢外套女中长款圆领小香风呢子大衣', 672, 336, 'products/1/cs10008.jpg', 400, '【双12预售】双12提前开抢，11月24日—12月11日抢先付预付款33.6元，12月12日付剩余尾款，先付先发货，提前引爆双12！！！买就【送】双十二10元无门槛优惠券！！！商家【赠】运费险！！！', 0, '2014-11-03 20:18:00', 1);
INSERT INTO `product` VALUES (9, '女装貉子毛大衣 时尚修身长袖淑女毛呢外套', 238, 119, 'products/1/cs10009.jpg', 100, '秋冬热卖款，今日特惠！库存有限，卖完即止！喜欢的赶紧出手哦！', 0, '2014-11-03 20:18:00', 1);
INSERT INTO `product` VALUES (10, '修身显瘦淑女针织长袖打底连衣裙女', 356, 158, 'products/1/cs10010.jpg', 600, '【1212万能盛典预售抢先购,早买早便宜！】定金15.80元，预售价158.00元，双12价涨价至178.00元!', 0, '2014-11-03 20:18:00', 1);
INSERT INTO `product` VALUES (11, '整貂皮大衣外套中长款收腰立领长袖进口真皮草裘皮', 19800, 9900, 'products/1/cs20001.jpg', 500, '采用100%进口小母貂 毛皮结实柔软毛峰更有光泽 保暖效果极强。　 【正品保证】我们承诺100%整皮水貂 假一罚十 支持验货 无理由退换货 【售后保障】终身免费保养维修', 1, '2014-11-03 20:18:00', 2);
INSERT INTO `product` VALUES (12, '整貂皮大衣外套中长款收腰立领长袖进口真皮草裘皮', 19800, 9900, 'products/1/cs20002.jpg', 500, '采用100%进口小母貂 毛皮结实柔软毛峰更有光泽 保暖效果极强。　 【正品保证】我们承诺100%整皮水貂 假一罚十 支持验货 无理由退换货 【售后保障】终身免费保养维修', 0, '2014-11-03 20:18:00', 2);
INSERT INTO `product` VALUES (13, '整貂皮大衣外套中长款收腰立领长袖进口真皮草裘皮', 19800, 9900, 'products/1/cs20003.jpg', 500, '采用100%进口小母貂 毛皮结实柔软毛峰更有光泽 保暖效果极强。　 【正品保证】我们承诺100%整皮水貂 假一罚十 支持验货 无理由退换货 【售后保障】终身免费保养维修', 0, '2014-11-03 20:18:00', 2);
INSERT INTO `product` VALUES (14, '整貂皮大衣外套中长款收腰立领长袖进口真皮草裘皮', 19800, 9900, 'products/1/cs20004.jpg', 500, '采用100%进口小母貂 毛皮结实柔软毛峰更有光泽 保暖效果极强。　 【正品保证】我们承诺100%整皮水貂 假一罚十 支持验货 无理由退换货 【售后保障】终身免费保养维修', 0, '2014-11-03 20:18:00', 2);
INSERT INTO `product` VALUES (15, '整貂皮大衣外套中长款收腰立领长袖进口真皮草裘皮', 19800, 9900, 'products/1/cs20005.jpg', 500, '采用100%进口小母貂 毛皮结实柔软毛峰更有光泽 保暖效果极强。　 【正品保证】我们承诺100%整皮水貂 假一罚十 支持验货 无理由退换货 【售后保障】终身免费保养维修', 0, '2014-11-03 20:18:00', 2);
INSERT INTO `product` VALUES (16, '整貂皮大衣外套中长款收腰立领长袖进口真皮草裘皮', 19800, 9900, 'products/1/cs20006.jpg', 500, '采用100%进口小母貂 毛皮结实柔软毛峰更有光泽 保暖效果极强。　 【正品保证】我们承诺100%整皮水貂 假一罚十 支持验货 无理由退换货 【售后保障】终身免费保养维修', 0, '2014-11-03 20:18:00', 2);
INSERT INTO `product` VALUES (17, '整貂皮大衣外套中长款收腰立领长袖进口真皮草裘皮', 19800, 9900, 'products/1/cs20007.jpg', 500, '采用100%进口小母貂 毛皮结实柔软毛峰更有光泽 保暖效果极强。　 【正品保证】我们承诺100%整皮水貂 假一罚十 支持验货 无理由退换货 【售后保障】终身免费保养维修', 0, '2014-11-03 20:18:00', 2);
INSERT INTO `product` VALUES (18, '整貂皮大衣外套中长款收腰立领长袖进口真皮草裘皮', 19800, 9900, 'products/1/cs20008.jpg', 500, '采用100%进口小母貂 毛皮结实柔软毛峰更有光泽 保暖效果极强。　 【正品保证】我们承诺100%整皮水貂 假一罚十 支持验货 无理由退换货 【售后保障】终身免费保养维修', 0, '2014-11-03 20:18:00', 2);
INSERT INTO `product` VALUES (19, '整貂皮大衣外套中长款收腰立领长袖进口真皮草裘皮', 19800, 9900, 'products/1/cs20009.jpg', 500, '采用100%进口小母貂 毛皮结实柔软毛峰更有光泽 保暖效果极强。　 【正品保证】我们承诺100%整皮水貂 假一罚十 支持验货 无理由退换货 【售后保障】终身免费保养维修', 0, '2014-10-01 20:18:00', 2);
INSERT INTO `product` VALUES (20, '中长款貂皮大衣整貂女装', 17900, 7290, 'products/1/cs20010.jpg', 500, '采用100%进口小母貂 毛皮结实柔软毛峰更有光泽 保暖效果极强。　 【正品保证】【售后保障】我们承诺100%整皮水貂 假一罚十 支持验货 无理由退换货', 0, '2014-11-03 20:18:00', 2);
INSERT INTO `product` VALUES (21, '韩版毛呢外套女韩范秋冬装厚中长款冬季呢子', 598, 198, 'products/1/cs30001.png', 500, '今年韩国首尔爆款，超高端定制羊毛呢大衣，版型超美，不挑身材，不挑年龄，上身非常漂亮哦，适合任何场合，这个秋冬MM必备款哦。几乎人手一件，美丽时尚的你怎么能少了这件呢，现秋冬预热加十一到来，只需99元包邮，只限今天，今天过后马上涨价，早买早划算哦~', 1, '2014-11-03 20:18:00', 3);
INSERT INTO `product` VALUES (22, '韩版毛呢外套女韩范秋冬装厚中长款冬季呢子', 598, 198, 'products/1/cs30002.png', 500, '今年韩国首尔爆款，超高端定制羊毛呢大衣，版型超美，不挑身材，不挑年龄，上身非常漂亮哦，适合任何场合，这个秋冬MM必备款哦。几乎人手一件，美丽时尚的你怎么能少了这件呢，现秋冬预热加十一到来，只需99元包邮，只限今天，今天过后马上涨价，早买早划算哦~', 0, '2014-11-03 20:18:00', 3);
INSERT INTO `product` VALUES (23, '韩版毛呢外套女韩范秋冬装厚中长款冬季呢子', 598, 198, 'products/1/cs30003.png', 500, '今年韩国首尔爆款，超高端定制羊毛呢大衣，版型超美，不挑身材，不挑年龄，上身非常漂亮哦，适合任何场合，这个秋冬MM必备款哦。几乎人手一件，美丽时尚的你怎么能少了这件呢，现秋冬预热加十一到来，只需99元包邮，只限今天，今天过后马上涨价，早买早划算哦~', 0, '2014-11-03 20:18:00', 3);
INSERT INTO `product` VALUES (24, '韩版毛呢外套女韩范秋冬装厚中长款冬季呢子', 598, 198, 'products/1/cs30004.png', 500, '今年韩国首尔爆款，超高端定制羊毛呢大衣，版型超美，不挑身材，不挑年龄，上身非常漂亮哦，适合任何场合，这个秋冬MM必备款哦。几乎人手一件，美丽时尚的你怎么能少了这件呢，现秋冬预热加十一到来，只需99元包邮，只限今天，今天过后马上涨价，早买早划算哦~', 0, '2014-11-03 20:18:00', 3);
INSERT INTO `product` VALUES (25, '韩版毛呢外套女韩范秋冬装厚中长款冬季呢子', 598, 198, 'products/1/cs30005.png', 500, '今年韩国首尔爆款，超高端定制羊毛呢大衣，版型超美，不挑身材，不挑年龄，上身非常漂亮哦，适合任何场合，这个秋冬MM必备款哦。几乎人手一件，美丽时尚的你怎么能少了这件呢，现秋冬预热加十一到来，只需99元包邮，只限今天，今天过后马上涨价，早买早划算哦~', 0, '2014-11-03 20:18:00', 3);
INSERT INTO `product` VALUES (26, '韩版毛呢外套女韩范秋冬装厚中长款冬季呢子', 598, 198, 'products/1/cs30006.png', 500, '今年韩国首尔爆款，超高端定制羊毛呢大衣，版型超美，不挑身材，不挑年龄，上身非常漂亮哦，适合任何场合，这个秋冬MM必备款哦。几乎人手一件，美丽时尚的你怎么能少了这件呢，现秋冬预热加十一到来，只需99元包邮，只限今天，今天过后马上涨价，早买早划算哦~', 0, '2014-11-03 20:18:00', 3);
INSERT INTO `product` VALUES (27, '韩版毛呢外套女韩范秋冬装厚中长款冬季呢子', 598, 198, 'products/1/cs30007.png', 500, '今年韩国首尔爆款，超高端定制羊毛呢大衣，版型超美，不挑身材，不挑年龄，上身非常漂亮哦，适合任何场合，这个秋冬MM必备款哦。几乎人手一件，美丽时尚的你怎么能少了这件呢，现秋冬预热加十一到来，只需99元包邮，只限今天，今天过后马上涨价，早买早划算哦~', 0, '2014-11-03 20:18:00', 3);
INSERT INTO `product` VALUES (28, '韩版毛呢外套女韩范秋冬装厚中长款冬季呢子', 598, 198, 'products/1/cs30008.png', 500, '今年韩国首尔爆款，超高端定制羊毛呢大衣，版型超美，不挑身材，不挑年龄，上身非常漂亮哦，适合任何场合，这个秋冬MM必备款哦。几乎人手一件，美丽时尚的你怎么能少了这件呢，现秋冬预热加十一到来，只需99元包邮，只限今天，今天过后马上涨价，早买早划算哦~', 1, '2014-11-03 20:18:00', 3);
INSERT INTO `product` VALUES (29, '韩版毛呢外套女韩范秋冬装厚中长款冬季呢子', 598, 198, 'products/1/cs30009.png', 500, '今年韩国首尔爆款，超高端定制羊毛呢大衣，版型超美，不挑身材，不挑年龄，上身非常漂亮哦，适合任何场合，这个秋冬MM必备款哦。几乎人手一件，美丽时尚的你怎么能少了这件呢，现秋冬预热加十一到来，只需99元包邮，只限今天，今天过后马上涨价，早买早划算哦~', 0, '2014-11-03 20:18:00', 3);
INSERT INTO `product` VALUES (30, '韩版毛呢外套女韩范秋冬装厚中长款冬季呢子', 598, 198, 'products/1/cs30010.png', 500, '今年韩国首尔爆款，超高端定制羊毛呢大衣，版型超美，不挑身材，不挑年龄，上身非常漂亮哦，适合任何场合，这个秋冬MM必备款哦。几乎人手一件，美丽时尚的你怎么能少了这件呢，现秋冬预热加十一到来，只需99元包邮，只限今天，今天过后马上涨价，早买早划算哦~', 0, '2014-11-10 20:18:00', 3);
INSERT INTO `product` VALUES (31, '打底衫加厚修身羊毛衫女装羊绒衫', 387, 186, 'products/1/cs40001.png', 500, '本产品 不起球 不掉色 不缩水 是一款贴身必备的厚款羊绒衫 质量保证支持退换', 0, '2014-11-03 20:18:00', 4);
INSERT INTO `product` VALUES (32, '打底衫加厚修身羊毛衫女装羊绒衫', 387, 186, 'products/1/cs40002.png', 500, '本产品 不起球 不掉色 不缩水 是一款贴身必备的厚款羊绒衫 质量保证支持退换', 0, '2014-11-03 20:18:00', 4);
INSERT INTO `product` VALUES (33, '打底衫加厚修身羊毛衫女装羊绒衫', 387, 186, 'products/1/cs40003.png', 500, '本产品 不起球 不掉色 不缩水 是一款贴身必备的厚款羊绒衫 质量保证支持退换', 0, '2014-11-03 20:18:00', 4);
INSERT INTO `product` VALUES (34, '性感时尚 酷感黑色小圆领露肩修身长袖针织衫', 387, 186, 'products/1/cs40004.jpg', 500, '本产品 不起球 不掉色 不缩水 是一款贴身必备的厚款羊绒衫 质量保证支持退换', 0, '2014-11-03 20:18:00', 4);
INSERT INTO `product` VALUES (35, '韩版黑色打底衫加厚修身羊毛衫女装羊绒衫', 387, 186, 'products/1/cs40005.png', 500, '本产品 不起球 不掉色 不缩水 是一款贴身必备的厚款羊绒衫 质量保证支持退换', 1, '2014-11-03 20:18:00', 4);
INSERT INTO `product` VALUES (36, '韩版黑色打底衫加厚修身羊毛衫女装羊绒衫', 387, 186, 'products/1/cs40006.png', 500, '本产品 不起球 不掉色 不缩水 是一款贴身必备的厚款羊绒衫 质量保证支持退换', 0, '2014-11-03 20:18:00', 4);
INSERT INTO `product` VALUES (37, '韩版黑色打底衫加厚修身羊毛衫女装羊绒衫', 387, 186, 'products/1/cs40007.png', 500, '本产品 不起球 不掉色 不缩水 是一款贴身必备的厚款羊绒衫 质量保证支持退换', 0, '2014-11-03 20:18:00', 4);
INSERT INTO `product` VALUES (38, '韩版黑色打底衫加厚修身羊毛衫女装羊绒衫', 387, 186, 'products/1/cs40008.png', 500, '本产品 不起球 不掉色 不缩水 是一款贴身必备的厚款羊绒衫 质量保证支持退换', 0, '2014-11-03 20:18:00', 4);
INSERT INTO `product` VALUES (39, '韩版黑色打底衫加厚修身羊毛衫女装羊绒衫', 387, 186, 'products/1/cs40009.png', 500, '本产品 不起球 不掉色 不缩水 是一款贴身必备的厚款羊绒衫 质量保证支持退换', 0, '2014-11-03 20:18:00', 4);
INSERT INTO `product` VALUES (40, '韩版黑色打底衫加厚修身羊毛衫女装羊绒衫', 387, 186, 'products/1/cs40010.png', 500, '本产品 不起球 不掉色 不缩水 是一款贴身必备的厚款羊绒衫 质量保证支持退换', 0, '2014-11-03 20:18:00', 4);
INSERT INTO `product` VALUES (41, '韩版黑色打底衫加厚修身羊毛衫女装羊绒衫', 387, 186, 'products/1/cs40011.png', 500, '本产品 不起球 不掉色 不缩水 是一款贴身必备的厚款羊绒衫 质量保证支持退换', 1, '2014-11-03 20:18:00', 4);
INSERT INTO `product` VALUES (42, '冬装外套棉衣立领修身商务大码男装潮牌上衣', 899, 358, 'products/1/cs50001.png', 500, '【型男卖点简介】该款凭借其独特的设计、精选的面料和一致的时尚理念，以质感都市，充满时尚感的设计风格， 简约毛呢大衣，修身不变形，不起球，国际大牌一样的面料！面料成分：77.8%聚酯纤维+22.2%粘纤 秋冬简约修身防静电呢风衣外套', 1, '2014-11-03 20:18:00', 5);
INSERT INTO `product` VALUES (43, '冬装外套棉衣立领修身商务大码男装潮牌上衣', 899, 358, 'products/1/cs50002.png', 500, '【型男卖点简介】该款凭借其独特的设计、精选的面料和一致的时尚理念，以质感都市，充满时尚感的设计风格， 简约毛呢大衣，修身不变形，不起球，国际大牌一样的面料！面料成分：77.8%聚酯纤维+22.2%粘纤 秋冬简约修身防静电呢风衣外套', 0, '2014-11-03 20:18:00', 5);
INSERT INTO `product` VALUES (44, '冬装外套棉衣立领修身商务大码男装潮牌上衣', 899, 358, 'products/1/cs50003.png', 500, '【型男卖点简介】该款凭借其独特的设计、精选的面料和一致的时尚理念，以质感都市，充满时尚感的设计风格， 简约毛呢大衣，修身不变形，不起球，国际大牌一样的面料！面料成分：77.8%聚酯纤维+22.2%粘纤 秋冬简约修身防静电呢风衣外套', 1, '2014-11-03 20:18:00', 5);
INSERT INTO `product` VALUES (45, '冬装外套棉衣立领修身商务大码男装潮牌上衣', 899, 358, 'products/1/cs50004.png', 500, '【型男卖点简介】该款凭借其独特的设计、精选的面料和一致的时尚理念，以质感都市，充满时尚感的设计风格， 简约毛呢大衣，修身不变形，不起球，国际大牌一样的面料！面料成分：77.8%聚酯纤维+22.2%粘纤 秋冬简约修身防静电呢风衣外套', 0, '2014-12-07 20:18:00', 5);
INSERT INTO `product` VALUES (46, '冬装外套棉衣立领修身商务大码男装潮牌上衣', 899, 358, 'products/1/cs50005.png', 500, '【型男卖点简介】该款凭借其独特的设计、精选的面料和一致的时尚理念，以质感都市，充满时尚感的设计风格， 简约毛呢大衣，修身不变形，不起球，国际大牌一样的面料！面料成分：77.8%聚酯纤维+22.2%粘纤 秋冬简约修身防静电呢风衣外套', 0, '2014-11-03 20:18:00', 5);
INSERT INTO `product` VALUES (47, '冬装外套棉衣立领修身商务大码男装潮牌上衣', 899, 358, 'products/1/cs50006.png', 500, '【型男卖点简介】该款凭借其独特的设计、精选的面料和一致的时尚理念，以质感都市，充满时尚感的设计风格， 简约毛呢大衣，修身不变形，不起球，国际大牌一样的面料！面料成分：77.8%聚酯纤维+22.2%粘纤 秋冬简约修身防静电呢风衣外套', 1, '2014-11-03 20:18:00', 5);
INSERT INTO `product` VALUES (48, '冬装外套棉衣立领修身商务大码男装潮牌上衣', 899, 358, 'products/1/cs50007.png', 500, '【型男卖点简介】该款凭借其独特的设计、精选的面料和一致的时尚理念，以质感都市，充满时尚感的设计风格， 简约毛呢大衣，修身不变形，不起球，国际大牌一样的面料！面料成分：77.8%聚酯纤维+22.2%粘纤 秋冬简约修身防静电呢风衣外套', 0, '2014-11-03 20:18:00', 5);
INSERT INTO `product` VALUES (49, '冬装外套棉衣立领修身商务大码男装潮牌上衣', 899, 358, 'products/1/cs50008.png', 500, '【型男卖点简介】该款凭借其独特的设计、精选的面料和一致的时尚理念，以质感都市，充满时尚感的设计风格， 简约毛呢大衣，修身不变形，不起球，国际大牌一样的面料！面料成分：77.8%聚酯纤维+22.2%粘纤 秋冬简约修身防静电呢风衣外套', 0, '2014-11-03 20:18:00', 5);
INSERT INTO `product` VALUES (50, '冬装外套棉衣立领修身商务大码男装潮牌上衣', 899, 358, 'products/1/cs50009.png', 500, '【型男卖点简介】该款凭借其独特的设计、精选的面料和一致的时尚理念，以质感都市，充满时尚感的设计风格， 简约毛呢大衣，修身不变形，不起球，国际大牌一样的面料！面料成分：77.8%聚酯纤维+22.2%粘纤 秋冬简约修身防静电呢风衣外套', 0, '2014-11-03 20:18:00', 5);
INSERT INTO `product` VALUES (51, '冬装外套棉衣立领修身商务大码男装潮牌上衣', 899, 358, 'products/1/cs50010.png', 500, '【型男卖点简介】该款凭借其独特的设计、精选的面料和一致的时尚理念，以质感都市，充满时尚感的设计风格， 简约毛呢大衣，修身不变形，不起球，国际大牌一样的面料！面料成分：77.8%聚酯纤维+22.2%粘纤 秋冬简约修身防静电呢风衣外套', 1, '2014-12-07 20:18:00', 5);
INSERT INTO `product` VALUES (52, '商务修身羊毛呢子风衣 中长款呢大衣外套', 997, 299, 'products/1/cs60001.png', 500, '冬装新品首发！大牌做工，顶级羊毛呢面料，穿着舒适保暖，冬季潮男必备品！新品预售价299元，预计涨到398！不要拿市场上那些低劣的毛呢大衣相比较，一分价钱一分货哦！买到就是赚到，支持7天无理由退换货，尺码不对，可享受免费换货！', 0, '2014-11-03 20:18:00', 6);
INSERT INTO `product` VALUES (53, '商务修身羊毛呢子风衣 中长款呢大衣外套', 997, 299, 'products/1/cs60002.png', 500, '冬装新品首发！大牌做工，顶级羊毛呢面料，穿着舒适保暖，冬季潮男必备品！新品预售价299元，预计涨到398！不要拿市场上那些低劣的毛呢大衣相比较，一分价钱一分货哦！买到就是赚到，支持7天无理由退换货，尺码不对，可享受免费换货！', 1, '2014-11-03 20:18:00', 6);
INSERT INTO `product` VALUES (54, '商务修身羊毛呢子风衣 中长款呢大衣外套', 997, 299, 'products/1/cs60003.png', 500, '冬装新品首发！大牌做工，顶级羊毛呢面料，穿着舒适保暖，冬季潮男必备品！新品预售价299元，预计涨到398！不要拿市场上那些低劣的毛呢大衣相比较，一分价钱一分货哦！买到就是赚到，支持7天无理由退换货，尺码不对，可享受免费换货！', 0, '2014-11-03 20:18:00', 6);
INSERT INTO `product` VALUES (55, '商务修身羊毛呢子风衣 中长款呢大衣外套', 997, 299, 'products/1/cs60004.png', 500, '冬装新品首发！大牌做工，顶级羊毛呢面料，穿着舒适保暖，冬季潮男必备品！新品预售价299元，预计涨到398！不要拿市场上那些低劣的毛呢大衣相比较，一分价钱一分货哦！买到就是赚到，支持7天无理由退换货，尺码不对，可享受免费换货！', 0, '2014-11-03 20:18:00', 6);
INSERT INTO `product` VALUES (56, '商务修身羊毛呢子风衣 中长款呢大衣外套', 997, 299, 'products/1/cs60005.png', 500, '冬装新品首发！大牌做工，顶级羊毛呢面料，穿着舒适保暖，冬季潮男必备品！新品预售价299元，预计涨到398！不要拿市场上那些低劣的毛呢大衣相比较，一分价钱一分货哦！买到就是赚到，支持7天无理由退换货，尺码不对，可享受免费换货！', 0, '2014-11-03 20:18:00', 6);
INSERT INTO `product` VALUES (57, '商务修身羊毛呢子风衣 中长款呢大衣外套', 997, 299, 'products/1/cs60006.png', 500, '冬装新品首发！大牌做工，顶级羊毛呢面料，穿着舒适保暖，冬季潮男必备品！新品预售价299元，预计涨到398！不要拿市场上那些低劣的毛呢大衣相比较，一分价钱一分货哦！买到就是赚到，支持7天无理由退换货，尺码不对，可享受免费换货！', 1, '2014-12-07 22:18:00', 6);
INSERT INTO `product` VALUES (58, '商务修身羊毛呢子风衣 中长款呢大衣外套', 997, 299, 'products/1/cs60007.png', 500, '冬装新品首发！大牌做工，顶级羊毛呢面料，穿着舒适保暖，冬季潮男必备品！新品预售价299元，预计涨到398！不要拿市场上那些低劣的毛呢大衣相比较，一分价钱一分货哦！买到就是赚到，支持7天无理由退换货，尺码不对，可享受免费换货！', 0, '2014-11-03 20:18:00', 6);
INSERT INTO `product` VALUES (59, '商务修身羊毛呢子风衣 中长款呢大衣外套', 997, 299, 'products/1/cs60008.png', 500, '冬装新品首发！大牌做工，顶级羊毛呢面料，穿着舒适保暖，冬季潮男必备品！新品预售价299元，预计涨到398！不要拿市场上那些低劣的毛呢大衣相比较，一分价钱一分货哦！买到就是赚到，支持7天无理由退换货，尺码不对，可享受免费换货！', 0, '2014-11-03 20:18:00', 6);
INSERT INTO `product` VALUES (60, '商务修身羊毛呢子风衣 中长款呢大衣外套', 997, 299, 'products/1/cs60009.png', 500, '冬装新品首发！大牌做工，顶级羊毛呢面料，穿着舒适保暖，冬季潮男必备品！新品预售价299元，预计涨到398！不要拿市场上那些低劣的毛呢大衣相比较，一分价钱一分货哦！买到就是赚到，支持7天无理由退换货，尺码不对，可享受免费换货！', 1, '2014-12-02 20:18:00', 6);
INSERT INTO `product` VALUES (61, '商务修身羊毛呢子风衣 中长款呢大衣外套', 997, 299, 'products/1/cs60010.png', 500, '冬装新品首发！大牌做工，顶级羊毛呢面料，穿着舒适保暖，冬季潮男必备品！新品预售价299元，预计涨到398！不要拿市场上那些低劣的毛呢大衣相比较，一分价钱一分货哦！买到就是赚到，支持7天无理由退换货，尺码不对，可享受免费换货！', 0, '2014-11-03 20:18:00', 6);
INSERT INTO `product` VALUES (62, '韩版修身羽绒服加厚保暖可脱卸帽', 198, 83.16, 'products/1/cs70001.png', 500, '羽绒棉服，保暖性比普通棉服高出3倍，价格合适，比羽绒服便宜3倍，超高性价比～～现亏本冲业绩，活动过后涨价为198元哦，亲们速抢～～！！', 1, '2014-11-03 20:18:00', 7);
INSERT INTO `product` VALUES (63, '韩版修身羽绒服加厚保暖可脱卸帽', 198, 83.16, 'products/1/cs70002.png', 500, '羽绒棉服，保暖性比普通棉服高出3倍，价格合适，比羽绒服便宜3倍，超高性价比～～现亏本冲业绩，活动过后涨价为198元哦，亲们速抢～～！！', 1, '2014-11-03 20:18:00', 7);
INSERT INTO `product` VALUES (64, '韩版修身羽绒服加厚保暖可脱卸帽', 198, 83.16, 'products/1/cs70003.png', 500, '羽绒棉服，保暖性比普通棉服高出3倍，价格合适，比羽绒服便宜3倍，超高性价比～～现亏本冲业绩，活动过后涨价为198元哦，亲们速抢～～！！', 0, '2014-11-03 20:18:00', 7);
INSERT INTO `product` VALUES (65, '韩版修身羽绒服加厚保暖可脱卸帽', 198, 83.16, 'products/1/cs70004.png', 500, '羽绒棉服，保暖性比普通棉服高出3倍，价格合适，比羽绒服便宜3倍，超高性价比～～现亏本冲业绩，活动过后涨价为198元哦，亲们速抢～～！！', 1, '2014-11-03 20:18:00', 7);
INSERT INTO `product` VALUES (66, '韩版修身羽绒服加厚保暖可脱卸帽', 198, 83.16, 'products/1/cs70005.png', 500, '羽绒棉服，保暖性比普通棉服高出3倍，价格合适，比羽绒服便宜3倍，超高性价比～～现亏本冲业绩，活动过后涨价为198元哦，亲们速抢～～！！', 0, '2014-11-03 20:18:00', 7);
INSERT INTO `product` VALUES (67, '韩版修身羽绒服加厚保暖可脱卸帽', 198, 83.16, 'products/1/cs70006.png', 500, '羽绒棉服，保暖性比普通棉服高出3倍，价格合适，比羽绒服便宜3倍，超高性价比～～现亏本冲业绩，活动过后涨价为198元哦，亲们速抢～～！！', 1, '2014-11-03 20:18:00', 7);
INSERT INTO `product` VALUES (68, '韩版修身羽绒服加厚保暖可脱卸帽', 198, 83.16, 'products/1/cs70007.png', 500, '羽绒棉服，保暖性比普通棉服高出3倍，价格合适，比羽绒服便宜3倍，超高性价比～～现亏本冲业绩，活动过后涨价为198元哦，亲们速抢～～！！', 1, '2014-12-04 20:18:00', 7);
INSERT INTO `product` VALUES (69, '韩版修身羽绒服加厚保暖可脱卸帽', 198, 83.16, 'products/1/cs70008.png', 500, '羽绒棉服，保暖性比普通棉服高出3倍，价格合适，比羽绒服便宜3倍，超高性价比～～现亏本冲业绩，活动过后涨价为198元哦，亲们速抢～～！！', 1, '2014-11-03 20:18:00', 7);
INSERT INTO `product` VALUES (70, '韩版修身羽绒服加厚保暖可脱卸帽', 198, 83.16, 'products/1/cs70009.png', 500, '羽绒棉服，保暖性比普通棉服高出3倍，价格合适，比羽绒服便宜3倍，超高性价比～～现亏本冲业绩，活动过后涨价为198元哦，亲们速抢～～！！', 0, '2014-11-03 20:18:00', 7);
INSERT INTO `product` VALUES (71, '韩版修身羽绒服加厚保暖可脱卸帽', 198, 83.16, 'products/1/cs70010.png', 500, '羽绒棉服，保暖性比普通棉服高出3倍，价格合适，比羽绒服便宜3倍，超高性价比～～现亏本冲业绩，活动过后涨价为198元哦，亲们速抢～～！！', 1, '2014-11-03 20:18:00', 7);

-- ----------------------------
-- Table structure for user
-- ----------------------------
DROP TABLE IF EXISTS `user`;
CREATE TABLE `user`  (
  `uid` int(11) NOT NULL AUTO_INCREMENT,
  `loginName` varchar(20) CHARACTER SET utf8 COLLATE utf8_general_ci NULL DEFAULT NULL,
  `password` varchar(20) CHARACTER SET utf8 COLLATE utf8_general_ci NULL DEFAULT NULL,
  `userName` varchar(20) CHARACTER SET utf8 COLLATE utf8_general_ci NULL DEFAULT NULL,
  `email` varchar(30) CHARACTER SET utf8 COLLATE utf8_general_ci NULL DEFAULT NULL,
  `sex` varchar(5) CHARACTER SET utf8 COLLATE utf8_general_ci NULL DEFAULT NULL,
  `state` int(11) NULL DEFAULT NULL,
  `code` varchar(100) CHARACTER SET utf8 COLLATE utf8_general_ci NULL DEFAULT NULL,
  PRIMARY KEY (`uid`) USING BTREE
) ENGINE = InnoDB AUTO_INCREMENT = 36 CHARACTER SET = utf8 COLLATE = utf8_general_ci ROW_FORMAT = Compact;

-- ----------------------------
-- Records of user
-- ----------------------------
INSERT INTO `user` VALUES (16, 'linwene', '123', 'linwene', '1036665180@qq.com', NULL, 1, NULL);
INSERT INTO `user` VALUES (35, 'linwene1', '123', 'linwene1', '792724447@qq.com', NULL, 1, NULL);

-- ----------------------------
-- Table structure for user_product
-- ----------------------------
DROP TABLE IF EXISTS `user_product`;
CREATE TABLE `user_product`  (
  `uno` int(11) NOT NULL,
  `pno` int(11) NOT NULL,
  PRIMARY KEY (`pno`, `uno`) USING BTREE,
  INDEX `FK487D647B4B36C9AF`(`uno`) USING BTREE,
  INDEX `FK487D647BE5269772`(`pno`) USING BTREE,
  CONSTRAINT `FK487D647B4B36C9AF` FOREIGN KEY (`uno`) REFERENCES `user` (`uid`) ON DELETE RESTRICT ON UPDATE RESTRICT,
  CONSTRAINT `FK487D647BE5269772` FOREIGN KEY (`pno`) REFERENCES `product` (`pid`) ON DELETE RESTRICT ON UPDATE RESTRICT
) ENGINE = InnoDB CHARACTER SET = utf8 COLLATE = utf8_general_ci ROW_FORMAT = Compact;


-- ----------------------------
-- Records of user_product
-- ----------------------------
INSERT INTO `user_product` VALUES (1, 2);
INSERT INTO `user_product` VALUES (16, 7);
INSERT INTO `user_product` VALUES (16, 35);
INSERT INTO `user_product` VALUES (16, 44);
INSERT INTO `user_product` VALUES (16, 51);
INSERT INTO `user_product` VALUES (16, 57);

SET FOREIGN_KEY_CHECKS = 1;
